Time,Step,J3_Pos,J3_Err,J3_Vel,Kp
0,UP,90.0002,19.9998,0.18,50
0.001,UP,90.0005,19.9995,0.36,50
0.002,UP,90.0011,19.9989,0.54,50
0.003,UP,90.0018,19.9982,0.72,50
0.004,UP,90.0027,19.9973,0.9,50
0.005,UP,90.0038,19.9962,1.08,50
0.006,UP,90.005,19.995,1.26,50
0.007,UP,90.0065,19.9935,1.44,50
0.008,UP,90.0081,19.9919,1.62,50
0.009,UP,90.0099,19.9901,1.8,50
0.01,UP,90.0119,19.9881,1.98,50
0.011,UP,90.014,19.986,2.16,50
0.012,UP,90.0164,19.9836,2.34,50
0.013,UP,90.0189,19.9811,2.52,50
0.014,UP,90.0216,19.9784,2.7,50
0.015,UP,90.0245,19.9755,2.88,50
0.016,UP,90.0275,19.9725,3.06,50
0.017,UP,90.0308,19.9692,3.24,50
0.018,UP,90.0342,19.9658,3.42,50
0.019,UP,90.0378,19.9622,3.6,50
0.02,UP,90.0416,19.9584,3.78,50
0.021,UP,90.0455,19.9545,3.96,50
0.022,UP,90.0497,19.9503,4.14,50
0.023,UP,90.054,19.946,4.32,50
0.024,UP,90.0585,19.9415,4.5,50
0.025,UP,90.0632,19.9368,4.68,50
0.026,UP,90.068,19.932,4.86,50
0.027,UP,90.0731,19.9269,5.04,50
0.028,UP,90.0783,19.9217,5.22,50
0.029,UP,90.0837,19.9163,5.4,50
0.03,UP,90.0893,19.9107,5.58,50
0.031,UP,90.095,19.905,5.76,50
0.032,UP,90.101,19.899,5.94,50
0.033,UP,90.1071,19.8929,6.12,50
0.034,UP,90.1134,19.8866,6.3,50
0.035,UP,90.1199,19.8801,6.48,50
0.036,UP,90.1265,19.8735,6.66,50
0.037,UP,90.1334,19.8666,6.84,50
0.038,UP,90.1404,19.8596,7.02,50
0.039,UP,90.1476,19.8524,7.2,50
0.04,UP,90.155,19.845,7.38,50
0.041,UP,90.1625,19.8375,7.56,50
0.042,UP,90.1703,19.8297,7.74,50
0.043,UP,90.1782,19.8218,7.92,50
0.044,UP,90.1863,19.8137,8.1,50
0.045,UP,90.1946,19.8054,8.28,50
0.046,UP,90.203,19.797,8.46,50
0.047,UP,90.2117,19.7883,8.64,50
0.048,UP,90.2205,19.7795,8.82,50
0.049,UP,90.2295,19.7705,9,50
0.05,UP,90.2387,19.7613,9.18,50
0.051,UP,90.248,19.752,9.36,50
0.052,UP,90.2576,19.7424,9.54,50
0.053,UP,90.2673,19.7327,9.72,50
0.054,UP,90.2772,19.7228,9.9,50
0.055,UP,90.2873,19.7127,10.08,50
0.056,UP,90.2975,19.7025,10.26,50
0.057,UP,90.308,19.692,10.44,50
0.058,UP,90.3186,19.6814,10.62,50
0.059,UP,90.3294,19.6706,10.8,50
0.06,UP,90.3404,19.6596,10.98,50
0.061,UP,90.3515,19.6485,11.16,50
0.062,UP,90.3629,19.6371,11.34,50
0.063,UP,90.3744,19.6256,11.52,50
0.064,UP,90.3861,19.6139,11.7,50
0.065,UP,90.398,19.602,11.88,50
0.066,UP,90.41,19.59,12.06,50
0.067,UP,90.4223,19.5777,12.24,50
0.068,UP,90.4347,19.5653,12.42,50
0.069,UP,90.4473,19.5527,12.6,50
0.07,UP,90.4601,19.5399,12.78,50
0.071,UP,90.473,19.527,12.96,50
0.072,UP,90.4862,19.5138,13.14,50
0.073,UP,90.4995,19.5005,13.32,50
0.074,UP,90.513,19.487,13.5,50
0.075,UP,90.5267,19.4733,13.68,50
0.076,UP,90.5405,19.4595,13.86,50
0.077,UP,90.5546,19.4454,14.04,50
0.078,UP,90.5688,19.4312,14.22,50
0.079,UP,90.5832,19.4168,14.4,50
0.08,UP,90.5978,19.4022,14.58,50
0.081,UP,90.6125,19.3875,14.76,50
0.082,UP,90.6275,19.3725,14.94,50
0.083,UP,90.6426,19.3574,15.12,50
0.084,UP,90.6579,19.3421,15.3,50
0.085,UP,90.6734,19.3266,15.48,50
0.086,UP,90.689,19.311,15.66,50
0.087,UP,90.7049,19.2951,15.84,50
0.088,UP,90.7209,19.2791,16.02,50
0.089,UP,90.7371,19.2629,16.2,50
0.09,UP,90.7535,19.2465,16.38,50
0.091,UP,90.77,19.23,16.56,50
0.092,UP,90.7868,19.2132,16.74,50
0.093,UP,90.8037,19.1963,16.92,50
0.094,UP,90.8208,19.1792,17.1,50
0.095,UP,90.8381,19.1619,17.28,50
0.096,UP,90.8555,19.1445,17.46,50
0.097,UP,90.8732,19.1268,17.64,50
0.098,UP,90.891,19.109,17.82,50
0.099,UP,90.909,19.091,18,50
0.1,UP,90.9272,19.0728,18.18,50
0.101,UP,90.9455,19.0545,18.36,50
0.102,UP,90.9641,19.0359,18.54,50
0.103,UP,90.9828,19.0172,18.72,50
0.104,UP,91.0017,18.9983,18.9,50
0.105,UP,91.0208,18.9792,19.08,50
0.106,UP,91.04,18.96,19.26,50
0.107,UP,91.0595,18.9405,19.44,50
0.108,UP,91.0791,18.9209,19.62,50
0.109,UP,91.0989,18.9011,19.8,50
0.11,UP,91.1189,18.8811,19.98,50
0.111,UP,91.139,18.861,20.16,50
0.112,UP,91.1594,18.8406,20.34,50
0.113,UP,91.1799,18.8201,20.52,50
0.114,UP,91.2006,18.7994,20.7,50
0.115,UP,91.2215,18.7785,20.88,50
0.116,UP,91.2425,18.7575,21.06,50
0.117,UP,91.2638,18.7362,21.24,50
0.118,UP,91.2852,18.7148,21.42,50
0.119,UP,91.3068,18.6932,21.6,50
0.12,UP,91.3286,18.6714,21.78,50
0.121,UP,91.3505,18.6495,21.96,50
0.122,UP,91.3727,18.6273,22.14,50
0.123,UP,91.395,18.605,22.32,50
0.124,UP,91.4175,18.5825,22.5,50
0.125,UP,91.4402,18.5598,22.68,50
0.126,UP,91.463,18.537,22.86,50
0.127,UP,91.4861,18.5139,23.04,50
0.128,UP,91.5093,18.4907,23.22,50
0.129,UP,91.5327,18.4673,23.4,50
0.13,UP,91.5563,18.4437,23.58,50
0.131,UP,91.58,18.42,23.76,50
0.132,UP,91.604,18.396,23.94,50
0.133,UP,91.6281,18.3719,24.12,50
0.134,UP,91.6524,18.3476,24.3,50
0.135,UP,91.6769,18.3231,24.48,50
0.136,UP,91.7015,18.2985,24.66,50
0.137,UP,91.7264,18.2736,24.84,50
0.138,UP,91.7514,18.2486,25.02,50
0.139,UP,91.7766,18.2234,25.2,50
0.14,UP,91.802,18.198,25.38,50
0.141,UP,91.8275,18.1725,25.56,50
0.142,UP,91.8533,18.1467,25.74,50
0.143,UP,91.8792,18.1208,25.92,50
0.144,UP,91.9053,18.0947,26.1,50
0.145,UP,91.9316,18.0684,26.28,50
0.146,UP,91.958,18.042,26.46,50
0.147,UP,91.9847,18.0153,26.64,50
0.148,UP,92.0115,17.9885,26.82,50
0.149,UP,92.0385,17.9615,27,50
0.15,UP,92.0657,17.9343,27.18,50
0.151,UP,92.093,17.907,27.36,50
0.152,UP,92.1206,17.8794,27.54,50
0.153,UP,92.1483,17.8517,27.72,50
0.154,UP,92.1762,17.8238,27.9,50
0.155,UP,92.2043,17.7957,28.08,50
0.156,UP,92.2325,17.7675,28.26,50
0.157,UP,92.261,17.739,28.44,50
0.158,UP,92.2896,17.7104,28.62,50
0.159,UP,92.3184,17.6816,28.8,50
0.16,UP,92.3474,17.6526,28.98,50
0.161,UP,92.3765,17.6235,29.16,50
0.162,UP,92.4059,17.5941,29.34,50
0.163,UP,92.4354,17.5646,29.52,50
0.164,UP,92.4651,17.5349,29.7,50
0.165,UP,92.495,17.505,29.88,50
0.166,UP,92.525,17.475,30.06,50
0.167,UP,92.5553,17.4447,30.24,50
0.168,UP,92.5857,17.4143,30.42,50
0.169,UP,92.6163,17.3837,30.6,50
0.17,UP,92.6471,17.3529,30.78,50
0.171,UP,92.678,17.322,30.96,50
0.172,UP,92.7092,17.2908,31.14,50
0.173,UP,92.7405,17.2595,31.32,50
0.174,UP,92.772,17.228,31.5,50
0.175,UP,92.8037,17.1963,31.68,50
0.176,UP,92.8355,17.1645,31.86,50
0.177,UP,92.8676,17.1324,32.04,50
0.178,UP,92.8998,17.1002,32.22,50
0.179,UP,92.9322,17.0678,32.4,50
0.18,UP,92.9648,17.0352,32.58,50
0.181,UP,92.9975,17.0025,32.76,50
0.182,UP,93.0305,16.9695,32.94,50
0.183,UP,93.0636,16.9364,33.12,50
0.184,UP,93.0969,16.9031,33.3,50
0.185,UP,93.1304,16.8696,33.48,50
0.186,UP,93.164,16.836,33.66,50
0.187,UP,93.1979,16.8021,33.84,50
0.188,UP,93.2319,16.7681,34.02,50
0.189,UP,93.2661,16.7339,34.2,50
0.19,UP,93.3005,16.6995,34.38,50
0.191,UP,93.335,16.665,34.56,50
0.192,UP,93.3698,16.6302,34.74,50
0.193,UP,93.4047,16.5953,34.92,50
0.194,UP,93.4398,16.5602,35.1,50
0.195,UP,93.4751,16.5249,35.28,50
0.196,UP,93.5105,16.4895,35.46,50
0.197,UP,93.5462,16.4538,35.64,50
0.198,UP,93.582,16.418,35.82,50
0.199,UP,93.618,16.382,36,50
0.2,UP,93.6542,16.3458,36.18,50
0.201,UP,93.6905,16.3095,36.36,50
0.202,UP,93.7271,16.2729,36.54,50
0.203,UP,93.7638,16.2362,36.72,50
0.204,UP,93.8007,16.1993,36.9,50
0.205,UP,93.8378,16.1622,37.08,50
0.206,UP,93.875,16.125,37.26,50
0.207,UP,93.9125,16.0875,37.44,50
0.208,UP,93.9501,16.0499,37.62,50
0.209,UP,93.9879,16.0121,37.8,50
0.21,UP,94.0259,15.9741,37.98,50
0.211,UP,94.064,15.936,38.16,50
0.212,UP,94.1024,15.8976,38.34,50
0.213,UP,94.1409,15.8591,38.52,50
0.214,UP,94.1796,15.8204,38.7,50
0.215,UP,94.2185,15.7815,38.88,50
0.216,UP,94.2575,15.7425,39.06,50
0.217,UP,94.2968,15.7032,39.24,50
0.218,UP,94.3362,15.6638,39.42,50
0.219,UP,94.3758,15.6242,39.6,50
0.22,UP,94.4156,15.5844,39.78,50
0.221,UP,94.4555,15.5445,39.96,50
0.222,UP,94.4957,15.5043,40.14,50
0.223,UP,94.536,15.464,40.32,50
0.224,UP,94.5765,15.4235,40.5,50
0.225,UP,94.6172,15.3828,40.68,50
0.226,UP,94.658,15.342,40.86,50
0.227,UP,94.6991,15.3009,41.04,50
0.228,UP,94.7403,15.2597,41.22,50
0.229,UP,94.7817,15.2183,41.4,50
0.23,UP,94.8233,15.1767,41.5754,50
0.231,UP,94.865,15.135,41.7463,50
0.232,UP,94.9069,15.0931,41.9127,50
0.233,UP,94.949,15.051,42.0746,50
0.234,UP,94.9912,15.0088,42.2321,50
0.235,UP,95.0336,14.9664,42.3853,50
0.236,UP,95.0762,14.9238,42.5342,50
0.237,UP,95.1188,14.8812,42.6789,50
0.238,UP,95.1617,14.8383,42.8194,50
0.239,UP,95.2046,14.7954,42.9557,50
0.24,UP,95.2477,14.7523,43.088,50
0.241,UP,95.2909,14.7091,43.2163,50
0.242,UP,95.3343,14.6657,43.3405,50
0.243,UP,95.3777,14.6223,43.4609,50
0.244,UP,95.4213,14.5787,43.5774,50
0.245,UP,95.465,14.535,43.69,50
0.246,UP,95.5088,14.4912,43.7989,50
0.247,UP,95.5527,14.4473,43.9041,50
0.248,UP,95.5967,14.4033,44.0055,50
0.249,UP,95.6408,14.3592,44.1034,50
0.25,UP,95.685,14.315,44.1976,50
0.251,UP,95.7293,14.2707,44.2883,50
0.252,UP,95.7737,14.2263,44.3755,50
0.253,UP,95.8181,14.1819,44.4593,50
0.254,UP,95.8627,14.1373,44.5396,50
0.255,UP,95.9073,14.0927,44.6166,50
0.256,UP,95.952,14.048,44.6903,50
0.257,UP,95.9967,14.0033,44.7606,50
0.258,UP,96.0416,13.9584,44.8278,50
0.259,UP,96.0864,13.9136,44.8918,50
0.26,UP,96.1314,13.8686,44.9526,50
0.261,UP,96.1764,13.8236,45.0103,50
0.262,UP,96.2215,13.7785,45.0649,50
0.263,UP,96.2666,13.7334,45.1165,50
0.264,UP,96.3118,13.6882,45.1652,50
0.265,UP,96.357,13.643,45.2108,50
0.266,UP,96.4022,13.5978,45.2536,50
0.267,UP,96.4475,13.5525,45.2935,50
0.268,UP,96.4928,13.5072,45.3306,50
0.269,UP,96.5382,13.4618,45.3649,50
0.27,UP,96.5836,13.4164,45.3964,50
0.271,UP,96.629,13.371,45.4252,50
0.272,UP,96.6745,13.3255,45.4514,50
0.273,UP,96.72,13.28,45.4749,50
0.274,UP,96.7655,13.2345,45.4958,50
0.275,UP,96.811,13.189,45.5141,50
0.276,UP,96.8565,13.1435,45.5299,50
0.277,UP,96.902,13.098,45.5431,50
0.278,UP,96.9476,13.0524,45.554,50
0.279,UP,96.9932,13.0068,45.5624,50
0.28,UP,97.0387,12.9613,45.5684,50
0.281,UP,97.0843,12.9157,45.572,50
0.282,UP,97.1299,12.8701,45.5733,50
0.283,UP,97.1754,12.8246,45.5723,50
0.284,UP,97.221,12.779,45.569,50
0.285,UP,97.2666,12.7334,45.5635,50
0.286,UP,97.3121,12.6879,45.5558,50
0.287,UP,97.3577,12.6423,45.546,50
0.288,UP,97.4032,12.5968,45.534,50
0.289,UP,97.4487,12.5513,45.5199,50
0.29,UP,97.4942,12.5058,45.5037,50
0.291,UP,97.5397,12.4603,45.4854,50
0.292,UP,97.5852,12.4148,45.4652,50
0.293,UP,97.6306,12.3694,45.443,50
0.294,UP,97.676,12.324,45.4188,50
0.295,UP,97.7214,12.2786,45.3927,50
0.296,UP,97.7668,12.2332,45.3646,50
0.297,UP,97.8121,12.1879,45.3347,50
0.298,UP,97.8574,12.1426,45.303,50
0.299,UP,97.9027,12.0973,45.2694,50
0.3,UP,97.9479,12.0521,45.2341,50
0.301,UP,97.9931,12.0069,45.197,50
0.302,UP,98.0383,11.9617,45.1582,50
0.303,UP,98.0834,11.9166,45.1176,50
0.304,UP,98.1285,11.8715,45.0754,50
0.305,UP,98.1735,11.8265,45.0315,50
0.306,UP,98.2185,11.7815,44.986,50
0.307,UP,98.2635,11.7365,44.9389,50
0.308,UP,98.3083,11.6917,44.8902,50
0.309,UP,98.3532,11.6468,44.8399,50
0.31,UP,98.398,11.602,44.7881,50
0.311,UP,98.4427,11.5573,44.7348,50
0.312,UP,98.4874,11.5126,44.68,50
0.313,UP,98.532,11.468,44.6238,50
0.314,UP,98.5766,11.4234,44.5661,50
0.315,UP,98.6211,11.3789,44.507,50
0.316,UP,98.6655,11.3345,44.4465,50
0.317,UP,98.7099,11.2901,44.3847,50
0.318,UP,98.7542,11.2458,44.3215,50
0.319,UP,98.7985,11.2015,44.257,50
0.32,UP,98.8427,11.1573,44.1912,50
0.321,UP,98.8868,11.1132,44.1241,50
0.322,UP,98.9309,11.0691,44.0557,50
0.323,UP,98.9748,11.0252,43.9862,50
0.324,UP,99.0188,10.9812,43.9154,50
0.325,UP,99.0626,10.9374,43.8434,50
0.326,UP,99.1064,10.8936,43.7702,50
0.327,UP,99.1501,10.8499,43.6959,50
0.328,UP,99.1937,10.8063,43.6204,50
0.329,UP,99.2372,10.7628,43.5438,50
0.33,UP,99.2807,10.7193,43.4662,50
0.331,UP,99.3241,10.6759,43.3874,50
0.332,UP,99.3674,10.6326,43.3076,50
0.333,UP,99.4106,10.5894,43.2268,50
0.334,UP,99.4538,10.5462,43.145,50
0.335,UP,99.4968,10.5032,43.0621,50
0.336,UP,99.5398,10.4602,42.9783,50
0.337,UP,99.5827,10.4173,42.8935,50
0.338,UP,99.6255,10.3745,42.8077,50
0.339,UP,99.6682,10.3318,42.7211,50
0.34,UP,99.7109,10.2891,42.6335,50
0.341,UP,99.7534,10.2466,42.545,50
0.342,UP,99.7959,10.2041,42.4557,50
0.343,UP,99.8382,10.1618,42.3655,50
0.344,UP,99.8805,10.1195,42.2744,50
0.345,UP,99.9227,10.0773,42.1825,50
0.346,UP,99.9648,10.0352,42.0899,50
0.347,UP,100.007,9.99323,41.9964,50
0.348,UP,100.049,9.95132,41.9021,50
0.349,UP,100.09,9.90952,41.8071,50
0.35,UP,100.132,9.86781,41.7113,50
0.351,UP,100.174,9.82619,41.6148,50
0.352,UP,100.215,9.78467,41.5176,50
0.353,UP,100.257,9.74325,41.4197,50
0.354,UP,100.298,9.70193,41.3211,50
0.355,UP,100.339,9.66071,41.2218,50
0.356,UP,100.38,9.61959,41.1219,50
0.357,UP,100.421,9.57857,41.0213,50
0.358,UP,100.462,9.53765,40.9201,50
0.359,UP,100.503,9.49683,40.8183,50
0.36,UP,100.544,9.45611,40.7159,50
0.361,UP,100.585,9.4155,40.6129,50
0.362,UP,100.625,9.37499,40.5093,50
0.363,UP,100.665,9.33458,40.4052,50
0.364,UP,100.706,9.29428,40.3005,50
0.365,UP,100.746,9.25409,40.1953,50
0.366,UP,100.786,9.214,40.0895,50
0.367,UP,100.826,9.17402,39.9833,50
0.368,UP,100.866,9.13414,39.8765,50
0.369,UP,100.906,9.09437,39.7693,50
0.37,UP,100.945,9.05471,39.6616,50
0.371,UP,100.985,9.01516,39.5534,50
0.372,UP,101.024,8.97571,39.4448,50
0.373,UP,101.064,8.93637,39.3358,50
0.374,UP,101.103,8.89715,39.2263,50
0.375,UP,101.142,8.85803,39.1164,50
0.376,UP,101.181,8.81903,39.0061,50
0.377,UP,101.22,8.78013,38.8954,50
0.378,UP,101.259,8.74135,38.7844,50
0.379,UP,101.297,8.70267,38.673,50
0.38,UP,101.336,8.66411,38.5612,50
0.381,UP,101.374,8.62566,38.449,50
0.382,UP,101.413,8.58733,38.3366,50
0.383,UP,101.451,8.5491,38.2238,50
0.384,UP,101.489,8.51099,38.1107,50
0.385,UP,101.527,8.47299,37.9973,50
0.386,UP,101.565,8.43511,37.8835,50
0.387,UP,101.603,8.39734,37.7695,50
0.388,UP,101.64,8.35969,37.6553,50
0.389,UP,101.678,8.32215,37.5407,50
0.39,UP,101.715,8.28472,37.4259,50
0.391,UP,101.753,8.24741,37.3109,50
0.392,UP,101.79,8.21021,37.1956,50
0.393,UP,101.827,8.17313,37.0801,50
0.394,UP,101.864,8.13617,36.9643,50
0.395,UP,101.901,8.09932,36.8484,50
0.396,UP,101.937,8.06259,36.7322,50
0.397,UP,101.974,8.02597,36.6159,50
0.398,UP,102.011,7.98947,36.4994,50
0.399,UP,102.047,7.95309,36.3827,50
0.4,UP,102.083,7.91682,36.2658,50
0.401,UP,102.119,7.88068,36.1488,50
0.402,UP,102.155,7.84464,36.0316,50
0.403,UP,102.191,7.80873,35.9142,50
0.404,UP,102.227,7.77293,35.7968,50
0.405,UP,102.263,7.73725,35.6792,50
0.406,UP,102.298,7.70169,35.5615,50
0.407,UP,102.334,7.66625,35.4436,50
0.408,UP,102.369,7.63092,35.3257,50
0.409,UP,102.404,7.59572,35.2077,50
0.41,UP,102.439,7.56063,35.0895,50
0.411,UP,102.474,7.52565,34.9713,50
0.412,UP,102.509,7.4908,34.853,50
0.413,UP,102.544,7.45607,34.7347,50
0.414,UP,102.579,7.42145,34.6163,50
0.415,UP,102.613,7.38695,34.4978,50
0.416,UP,102.647,7.35257,34.3793,50
0.417,UP,102.682,7.31831,34.2607,50
0.418,UP,102.716,7.28417,34.1421,50
0.419,UP,102.75,7.25015,34.0235,50
0.42,UP,102.784,7.21624,33.9048,50
0.421,UP,102.818,7.18246,33.7861,50
0.422,UP,102.851,7.14879,33.6674,50
0.423,UP,102.885,7.11524,33.5488,50
0.424,UP,102.918,7.08181,33.4301,50
0.425,UP,102.952,7.0485,33.3114,50
0.426,UP,102.985,7.01531,33.1927,50
0.427,UP,103.018,6.98223,33.0741,50
0.428,UP,103.051,6.94928,32.9554,50
0.429,UP,103.084,6.91644,32.8368,50
0.43,UP,103.116,6.88372,32.7183,50
0.431,UP,103.149,6.85112,32.5998,50
0.432,UP,103.181,6.81864,32.4813,50
0.433,UP,103.214,6.78628,32.3629,50
0.434,UP,103.246,6.75403,32.2445,50
0.435,UP,103.278,6.72191,32.1262,50
0.436,UP,103.31,6.6899,32.008,50
0.437,UP,103.342,6.65801,31.8898,50
0.438,UP,103.374,6.62624,31.7717,50
0.439,UP,103.405,6.59458,31.6537,50
0.44,UP,103.437,6.56305,31.5358,50
0.441,UP,103.468,6.53163,31.4179,50
0.442,UP,103.5,6.50033,31.3002,50
0.443,UP,103.531,6.46915,31.1826,50
0.444,UP,103.562,6.43808,31.065,50
0.445,UP,103.593,6.40713,30.9476,50
0.446,UP,103.624,6.3763,30.8303,50
0.447,UP,103.654,6.34559,30.7131,50
0.448,UP,103.685,6.315,30.596,50
0.449,UP,103.715,6.28452,30.4791,50
0.45,UP,103.746,6.25415,30.3623,50
0.451,UP,103.776,6.22391,30.2456,50
0.452,UP,103.806,6.19378,30.1291,50
0.453,UP,103.836,6.16377,30.0127,50
0.454,UP,103.866,6.13387,29.8964,50
0.455,UP,103.896,6.10409,29.7803,50
0.456,UP,103.926,6.07443,29.6644,50
0.457,UP,103.955,6.04488,29.5486,50
0.458,UP,103.985,6.01544,29.4329,50
0.459,UP,104.014,5.98613,29.3174,50
0.46,UP,104.043,5.95692,29.2021,50
0.461,UP,104.072,5.92784,29.087,50
0.462,UP,104.101,5.89887,28.972,50
0.463,UP,104.13,5.87001,28.8573,50
0.464,UP,104.159,5.84127,28.7427,50
0.465,UP,104.187,5.81264,28.6282,50
0.466,UP,104.216,5.78412,28.514,50
0.467,UP,104.244,5.75572,28.4,50
0.468,UP,104.273,5.72744,28.2861,50
0.469,UP,104.301,5.69926,28.1725,50
0.47,UP,104.329,5.67121,28.059,50
0.471,UP,104.357,5.64326,27.9458,50
0.472,UP,104.385,5.61543,27.8327,50
0.473,UP,104.412,5.58771,27.7199,50
0.474,UP,104.44,5.5601,27.6072,50
0.475,UP,104.467,5.53261,27.4948,50
0.476,UP,104.495,5.50522,27.3826,50
0.477,UP,104.522,5.47795,27.2706,50
0.478,UP,104.549,5.45079,27.1588,50
0.479,UP,104.576,5.42375,27.0473,50
0.48,UP,104.603,5.39681,26.936,50
0.481,UP,104.63,5.36998,26.8249,50
0.482,UP,104.657,5.34327,26.714,50
0.483,UP,104.683,5.31667,26.6034,50
0.484,UP,104.71,5.29017,26.493,50
0.485,UP,104.736,5.26379,26.3828,50
0.486,UP,104.762,5.23752,26.2729,50
0.487,UP,104.789,5.21136,26.1632,50
0.488,UP,104.815,5.1853,26.0538,50
0.489,UP,104.841,5.15936,25.9446,50
0.49,UP,104.866,5.13352,25.8357,50
0.491,UP,104.892,5.10779,25.727,50
0.492,UP,104.918,5.08218,25.6185,50
0.493,UP,104.943,5.05667,25.5103,50
0.494,UP,104.969,5.03126,25.4024,50
0.495,UP,104.994,5.00597,25.2947,50
0.496,UP,105.019,4.98078,25.1873,50
0.497,UP,105.044,4.9557,25.0801,50
0.498,UP,105.069,4.93073,24.9732,50
0.499,UP,105.094,4.90586,24.8666,50
0.5,UP,105.119,4.8811,24.7602,50
0.501,UP,105.144,4.85645,24.6541,50
0.502,UP,105.168,4.8319,24.5483,50
0.503,UP,105.193,4.80746,24.4427,50
0.504,UP,105.217,4.78312,24.3374,50
0.505,UP,105.241,4.75889,24.2324,50
0.506,UP,105.265,4.73476,24.1276,50
0.507,UP,105.289,4.71074,24.0231,50
0.508,UP,105.313,4.68682,23.9189,50
0.509,UP,105.337,4.663,23.815,50
0.51,UP,105.361,4.63929,23.7114,50
0.511,UP,105.384,4.61568,23.608,50
0.512,UP,105.408,4.59218,23.5049,50
0.513,UP,105.431,4.56877,23.4021,50
0.514,UP,105.455,4.54548,23.2996,50
0.515,UP,105.478,4.52228,23.1974,50
0.516,UP,105.501,4.49918,23.0954,50
0.517,UP,105.524,4.47619,22.9938,50
0.518,UP,105.547,4.4533,22.8924,50
0.519,UP,105.569,4.4305,22.7913,50
0.52,UP,105.592,4.40781,22.6905,50
0.521,UP,105.615,4.38522,22.59,50
0.522,UP,105.637,4.36273,22.4898,50
0.523,UP,105.66,4.34034,22.3899,50
0.524,UP,105.682,4.31805,22.2903,50
0.525,UP,105.704,4.29586,22.1909,50
0.526,UP,105.726,4.27377,22.0919,50
0.527,UP,105.748,4.25178,21.9932,50
0.528,UP,105.77,4.22988,21.8947,50
0.529,UP,105.792,4.20809,21.7966,50
0.53,UP,105.814,4.18639,21.6987,50
0.531,UP,105.835,4.16479,21.6012,50
0.532,UP,105.857,4.14328,21.5039,50
0.533,UP,105.878,4.12188,21.407,50
0.534,UP,105.899,4.10057,21.3104,50
0.535,UP,105.921,4.07935,21.214,50
0.536,UP,105.942,4.05823,21.118,50
0.537,UP,105.963,4.03721,21.0222,50
0.538,UP,105.984,4.01628,20.9268,50
0.539,UP,106.005,3.99545,20.8316,50
0.54,UP,106.025,3.97472,20.7368,50
0.541,UP,106.046,3.95407,20.6423,50
0.542,UP,106.066,3.93353,20.5481,50
0.543,UP,106.087,3.91307,20.4541,50
0.544,UP,106.107,3.89271,20.3605,50
0.545,UP,106.128,3.87244,20.2672,50
0.546,UP,106.148,3.85227,20.1742,50
0.547,UP,106.168,3.83219,20.0815,50
0.548,UP,106.188,3.8122,19.9892,50
0.549,UP,106.208,3.7923,19.8971,50
0.55,UP,106.228,3.7725,19.8053,50
0.551,UP,106.247,3.75278,19.7138,50
0.552,UP,106.267,3.73316,19.6227,50
0.553,UP,106.286,3.71363,19.5318,50
0.554,UP,106.306,3.69419,19.4413,50
0.555,UP,106.325,3.67484,19.3511,50
0.556,UP,106.344,3.65557,19.2611,50
0.557,UP,106.364,3.6364,19.1715,50
0.558,UP,106.383,3.61732,19.0822,50
0.559,UP,106.402,3.59833,18.9932,50
0.56,UP,106.421,3.57942,18.9045,50
0.561,UP,106.439,3.56061,18.8161,50
0.562,UP,106.458,3.54188,18.7281,50
0.563,UP,106.477,3.52324,18.6403,50
0.564,UP,106.495,3.50469,18.5529,50
0.565,UP,106.514,3.48622,18.4657,50
0.566,UP,106.532,3.46784,18.3789,50
0.567,UP,106.55,3.44955,18.2924,50
0.568,UP,106.569,3.43134,18.2061,50
0.569,UP,106.587,3.41322,18.1202,50
0.57,UP,106.605,3.39519,18.0346,50
0.571,UP,106.623,3.37724,17.9494,50
0.572,UP,106.641,3.35937,17.8644,50
0.573,UP,106.658,3.34159,17.7797,50
0.574,UP,106.676,3.3239,17.6953,50
0.575,UP,106.694,3.30629,17.6113,50
0.576,UP,106.711,3.28876,17.5275,50
0.577,UP,106.729,3.27132,17.4441,50
0.578,UP,106.746,3.25396,17.361,50
0.579,UP,106.763,3.23668,17.2781,50
0.58,UP,106.781,3.21948,17.1956,50
0.581,UP,106.798,3.20237,17.1134,50
0.582,UP,106.815,3.18534,17.0315,50
0.583,UP,106.832,3.16839,16.9499,50
0.584,UP,106.848,3.15152,16.8686,50
0.585,UP,106.865,3.13473,16.7877,50
0.586,UP,106.882,3.11802,16.707,50
0.587,UP,106.899,3.1014,16.6266,50
0.588,UP,106.915,3.08485,16.5465,50
0.589,UP,106.932,3.06838,16.4668,50
0.59,UP,106.948,3.052,16.3873,50
0.591,UP,106.964,3.03569,16.3082,50
0.592,UP,106.981,3.01946,16.2293,50
0.593,UP,106.997,3.00331,16.1508,50
0.594,UP,107.013,2.98724,16.0725,50
0.595,UP,107.029,2.97124,15.9946,50
0.596,UP,107.045,2.95532,15.917,50
0.597,UP,107.061,2.93948,15.8396,50
0.598,UP,107.076,2.92372,15.7626,50
0.599,UP,107.092,2.90804,15.6859,50
0.6,UP,107.108,2.89243,15.6094,50
0.601,UP,107.123,2.87689,15.5333,50
0.602,UP,107.139,2.86144,15.4575,50
0.603,UP,107.154,2.84605,15.3819,50
0.604,UP,107.169,2.83075,15.3067,50
0.605,UP,107.184,2.81552,15.2318,50
0.606,UP,107.2,2.80036,15.1571,50
0.607,UP,107.215,2.78528,15.0828,50
0.608,UP,107.23,2.77027,15.0088,50
0.609,UP,107.245,2.75533,14.935,50
0.61,UP,107.26,2.74047,14.8616,50
0.611,UP,107.274,2.72568,14.7884,50
0.612,UP,107.289,2.71097,14.7156,50
0.613,UP,107.304,2.69632,14.643,50
0.614,UP,107.318,2.68175,14.5707,50
0.615,UP,107.333,2.66725,14.4988,50
0.616,UP,107.347,2.65283,14.4271,50
0.617,UP,107.362,2.63847,14.3557,50
0.618,UP,107.376,2.62419,14.2846,50
0.619,UP,107.39,2.60997,14.2138,50
0.62,UP,107.404,2.59583,14.1433,50
0.621,UP,107.418,2.58176,14.0731,50
0.622,UP,107.432,2.56775,14.0031,50
0.623,UP,107.446,2.55382,13.9335,50
0.624,UP,107.46,2.53995,13.8641,50
0.625,UP,107.474,2.52616,13.7951,50
0.626,UP,107.488,2.51243,13.7263,50
0.627,UP,107.501,2.49878,13.6578,50
0.628,UP,107.515,2.48519,13.5896,50
0.629,UP,107.528,2.47166,13.5216,50
0.63,UP,107.542,2.45821,13.454,50
0.631,UP,107.555,2.44482,13.3866,50
0.632,UP,107.568,2.4315,13.3196,50
0.633,UP,107.582,2.41825,13.2528,50
0.634,UP,107.595,2.40507,13.1863,50
0.635,UP,107.608,2.39195,13.12,50
0.636,UP,107.621,2.37889,13.0541,50
0.637,UP,107.634,2.3659,12.9884,50
0.638,UP,107.647,2.35298,12.923,50
0.639,UP,107.66,2.34012,12.8579,50
0.64,UP,107.673,2.32733,12.7931,50
0.641,UP,107.685,2.3146,12.7285,50
0.642,UP,107.698,2.30194,12.6642,50
0.643,UP,107.711,2.28934,12.6002,50
0.644,UP,107.723,2.2768,12.5365,50
0.645,UP,107.736,2.26433,12.4731,50
0.646,UP,107.748,2.25192,12.4099,50
0.647,UP,107.76,2.23957,12.347,50
0.648,UP,107.773,2.22729,12.2843,50
0.649,UP,107.785,2.21506,12.222,50
0.65,UP,107.797,2.2029,12.1599,50
0.651,UP,107.809,2.19081,12.0981,50
0.652,UP,107.821,2.17877,12.0365,50
0.653,UP,107.833,2.16679,11.9752,50
0.654,UP,107.845,2.15488,11.9142,50
0.655,UP,107.857,2.14303,11.8535,50
0.656,UP,107.869,2.13123,11.793,50
0.657,UP,107.881,2.1195,11.7328,50
0.658,UP,107.892,2.10783,11.6728,50
0.659,UP,107.904,2.09621,11.6131,50
0.66,UP,107.915,2.08466,11.5537,50
0.661,UP,107.927,2.07317,11.4945,50
0.662,UP,107.938,2.06173,11.4356,50
0.663,UP,107.95,2.05035,11.377,50
0.664,UP,107.961,2.03903,11.3186,50
0.665,UP,107.972,2.02777,11.2605,50
0.666,UP,107.983,2.01657,11.2027,50
0.667,UP,107.995,2.00543,11.1451,50
0.668,UP,108.006,1.99434,11.0877,50
0.669,UP,108.017,1.98331,11.0306,50
0.67,UP,108.028,1.97233,10.9738,50
0.671,UP,108.039,1.96142,10.9172,50
0.672,UP,108.049,1.95056,10.8609,50
0.673,UP,108.06,1.93975,10.8048,50
0.674,UP,108.071,1.929,10.749,50
0.675,UP,108.082,1.91831,10.6934,50
0.676,UP,108.092,1.90767,10.6381,50
0.677,UP,108.103,1.89709,10.5831,50
0.678,UP,108.113,1.88656,10.5283,50
0.679,UP,108.124,1.87609,10.4737,50
0.68,UP,108.134,1.86567,10.4194,50
0.681,UP,108.145,1.8553,10.3653,50
0.682,UP,108.155,1.84499,10.3115,50
0.683,UP,108.165,1.83473,10.2579,50
0.684,UP,108.175,1.82453,10.2046,50
0.685,UP,108.186,1.81438,10.1515,50
0.686,UP,108.196,1.80428,10.0986,50
0.687,UP,108.206,1.79423,10.046,50
0.688,UP,108.216,1.78424,9.99368,50
0.689,UP,108.226,1.7743,9.94156,50
0.69,UP,108.236,1.76441,9.88968,50
0.691,UP,108.245,1.75457,9.83804,50
0.692,UP,108.255,1.74478,9.78664,50
0.693,UP,108.265,1.73505,9.73547,50
0.694,UP,108.275,1.72536,9.68454,50
0.695,UP,108.284,1.71573,9.63385,50
0.696,UP,108.294,1.70614,9.5834,50
0.697,UP,108.303,1.69661,9.53317,50
0.698,UP,108.313,1.68713,9.48318,50
0.699,UP,108.322,1.67769,9.43343,50
0.7,UP,108.332,1.66831,9.3839,50
0.701,UP,108.341,1.65898,9.33461,50
0.702,UP,108.35,1.64969,9.28555,50
0.703,UP,108.36,1.64045,9.23672,50
0.704,UP,108.369,1.63127,9.18811,50
0.705,UP,108.378,1.62213,9.13973,50
0.706,UP,108.387,1.61303,9.09159,50
0.707,UP,108.396,1.60399,9.04366,50
0.708,UP,108.405,1.59499,8.99597,50
0.709,UP,108.414,1.58605,8.94849,50
0.71,UP,108.423,1.57714,8.90124,50
0.711,UP,108.432,1.56829,8.85422,50
0.712,UP,108.441,1.55948,8.80742,50
0.713,UP,108.449,1.55072,8.76083,50
0.714,UP,108.458,1.54201,8.71447,50
0.715,UP,108.467,1.53334,8.66833,50
0.716,UP,108.475,1.52472,8.62241,50
0.717,UP,108.484,1.51614,8.57671,50
0.718,UP,108.492,1.50761,8.53122,50
0.719,UP,108.501,1.49912,8.48595,50
0.72,UP,108.509,1.49068,8.4409,50
0.721,UP,108.518,1.48229,8.39606,50
0.722,UP,108.526,1.47393,8.35144,50
0.723,UP,108.534,1.46563,8.30703,50
0.724,UP,108.543,1.45736,8.26283,50
0.725,UP,108.551,1.44915,8.21884,50
0.726,UP,108.559,1.44097,8.17507,50
0.727,UP,108.567,1.43284,8.1315,50
0.728,UP,108.575,1.42475,8.08815,50
0.729,UP,108.583,1.41671,8.045,50
0.73,UP,108.591,1.4087,8.00206,50
0.731,UP,108.599,1.40074,7.95933,50
0.732,UP,108.607,1.39283,7.91681,50
0.733,UP,108.615,1.38495,7.87449,50
0.734,UP,108.623,1.37712,7.83238,50
0.735,UP,108.631,1.36933,7.79046,50
0.736,UP,108.638,1.36158,7.74876,50
0.737,UP,108.646,1.35387,7.70725,50
0.738,UP,108.654,1.34621,7.66595,50
0.739,UP,108.661,1.33858,7.62485,50
0.74,UP,108.669,1.331,7.58394,50
0.741,UP,108.677,1.32346,7.54324,50
0.742,UP,108.684,1.31595,7.50274,50
0.743,UP,108.692,1.30849,7.46243,50
0.744,UP,108.699,1.30107,7.42232,50
0.745,UP,108.706,1.29369,7.38241,50
0.746,UP,108.714,1.28634,7.34269,50
0.747,UP,108.721,1.27904,7.30316,50
0.748,UP,108.728,1.27178,7.26383,50
0.749,UP,108.735,1.26455,7.2247,50
0.75,UP,108.743,1.25737,7.18575,50
0.751,UP,108.75,1.25022,7.147,50
0.752,UP,108.757,1.24311,7.10843,50
0.753,UP,108.764,1.23604,7.07006,50
0.754,UP,108.771,1.22901,7.03188,50
0.755,UP,108.778,1.22202,6.99388,50
0.756,UP,108.785,1.21506,6.95607,50
0.757,UP,108.792,1.20814,6.91845,50
0.758,UP,108.799,1.20126,6.88102,50
0.759,UP,108.806,1.19442,6.84377,50
0.76,UP,108.812,1.18761,6.8067,50
0.761,UP,108.819,1.18084,6.76982,50
0.762,UP,108.826,1.17411,6.73313,50
0.763,UP,108.833,1.16741,6.69661,50
0.764,UP,108.839,1.16075,6.66028,50
0.765,UP,108.846,1.15413,6.62412,50
0.766,UP,108.852,1.14754,6.58815,50
0.767,UP,108.859,1.14098,6.55236,50
0.768,UP,108.866,1.13447,6.51674,50
0.769,UP,108.872,1.12799,6.4813,50
0.77,UP,108.878,1.12154,6.44604,50
0.771,UP,108.885,1.11513,6.41096,50
0.772,UP,108.891,1.10875,6.37605,50
0.773,UP,108.898,1.10241,6.34132,50
0.774,UP,108.904,1.09611,6.30676,50
0.775,UP,108.91,1.08983,6.27237,50
0.776,UP,108.916,1.0836,6.23816,50
0.777,UP,108.923,1.07739,6.20412,50
0.778,UP,108.929,1.07122,6.17025,50
0.779,UP,108.935,1.06508,6.13655,50
0.78,UP,108.941,1.05898,6.10302,50
0.781,UP,108.947,1.05291,6.06966,50
0.782,UP,108.953,1.04687,6.03647,50
0.783,UP,108.959,1.04087,6.00344,50
0.784,UP,108.965,1.0349,5.97059,50
0.785,UP,108.971,1.02896,5.93789,50
0.786,UP,108.977,1.02306,5.90537,50
0.787,UP,108.983,1.01718,5.87301,50
0.788,UP,108.989,1.01134,5.84081,50
0.789,UP,108.994,1.00554,5.80877,50
0.79,UP,109,0.999758,5.7769,50
0.791,UP,109.006,0.994013,5.74519,50
0.792,UP,109.012,0.988299,5.71364,50
0.793,UP,109.017,0.982617,5.68226,50
0.794,UP,109.023,0.976966,5.65103,50
0.795,UP,109.029,0.971346,5.61996,50
0.796,UP,109.034,0.965757,5.58905,50
0.797,UP,109.04,0.960199,5.55829,50
0.798,UP,109.045,0.954671,5.5277,50
0.799,UP,109.051,0.949174,5.49726,50
0.8,UP,109.056,0.943707,5.46697,50
0.801,UP,109.062,0.93827,5.43684,50
0.802,UP,109.067,0.932863,5.40687,50
0.803,UP,109.073,0.927486,5.37705,50
0.804,UP,109.078,0.922139,5.34738,50
0.805,UP,109.083,0.916821,5.31786,50
0.806,UP,109.088,0.911532,5.2885,50
0.807,UP,109.094,0.906273,5.25928,50
0.808,UP,109.099,0.901043,5.23022,50
0.809,UP,109.104,0.895842,5.2013,50
0.81,UP,109.109,0.890669,5.17254,50
0.811,UP,109.114,0.885525,5.14392,50
0.812,UP,109.12,0.88041,5.11545,50
0.813,UP,109.125,0.875322,5.08713,50
0.814,UP,109.13,0.870264,5.05895,50
0.815,UP,109.135,0.865233,5.03092,50
0.816,UP,109.14,0.86023,5.00304,50
0.817,UP,109.145,0.855254,4.97529,50
0.818,UP,109.15,0.850307,4.94769,50
0.819,UP,109.155,0.845386,4.92024,50
0.82,UP,109.16,0.840493,4.89293,50
0.821,UP,109.164,0.835628,4.86575,50
0.822,UP,109.169,0.830789,4.83872,50
0.823,UP,109.174,0.825977,4.81183,50
0.824,UP,109.179,0.821192,4.78508,50
0.825,UP,109.184,0.816434,4.75847,50
0.826,UP,109.188,0.811702,4.732,50
0.827,UP,109.193,0.806996,4.70566,50
0.828,UP,109.198,0.802316,4.67946,50
0.829,UP,109.202,0.797663,4.6534,50
0.83,UP,109.207,0.793036,4.62748,50
0.831,UP,109.212,0.788434,4.60168,50
0.832,UP,109.216,0.783858,4.57603,50
0.833,UP,109.221,0.779307,4.55051,50
0.834,UP,109.225,0.774782,4.52512,50
0.835,UP,109.23,0.770282,4.49986,50
0.836,UP,109.234,0.765808,4.47474,50
0.837,UP,109.239,0.761358,4.44975,50
0.838,UP,109.243,0.756933,4.42489,50
0.839,UP,109.247,0.752533,4.40016,50
0.84,UP,109.252,0.748157,4.37555,50
0.841,UP,109.256,0.743806,4.35108,50
0.842,UP,109.261,0.739479,4.32674,50
0.843,UP,109.265,0.735177,4.30252,50
0.844,UP,109.269,0.730899,4.27844,50
0.845,UP,109.273,0.726644,4.25447,50
0.846,UP,109.278,0.722413,4.23064,50
0.847,UP,109.282,0.718206,4.20693,50
0.848,UP,109.286,0.714023,4.18335,50
0.849,UP,109.29,0.709863,4.15988,50
0.85,UP,109.294,0.705727,4.13655,50
0.851,UP,109.298,0.701613,4.11334,50
0.852,UP,109.302,0.697523,4.09024,50
0.853,UP,109.307,0.693456,4.06728,50
0.854,UP,109.311,0.689411,4.04443,50
0.855,UP,109.315,0.68539,4.0217,50
0.856,UP,109.319,0.681391,3.9991,50
0.857,UP,109.323,0.677414,3.97661,50
0.858,UP,109.327,0.67346,3.95424,50
0.859,UP,109.33,0.669528,3.93199,50
0.86,UP,109.334,0.665618,3.90986,50
0.861,UP,109.338,0.66173,3.88785,50
0.862,UP,109.342,0.657864,3.86596,50
0.863,UP,109.346,0.65402,3.84418,50
0.864,UP,109.35,0.650197,3.82251,50
0.865,UP,109.354,0.646396,3.80096,50
0.866,UP,109.357,0.642617,3.77953,50
0.867,UP,109.361,0.638859,3.75821,50
0.868,UP,109.365,0.635122,3.737,50
0.869,UP,109.369,0.631406,3.71591,50
0.87,UP,109.372,0.627711,3.69493,50
0.871,UP,109.376,0.624037,3.67406,50
0.872,UP,109.38,0.620383,3.6533,50
0.873,UP,109.383,0.616751,3.63266,50
0.874,UP,109.387,0.613139,3.61212,50
0.875,UP,109.39,0.609547,3.5917,50
0.876,UP,109.394,0.605976,3.57138,50
0.877,UP,109.398,0.602424,3.55117,50
0.878,UP,109.401,0.598893,3.53107,50
0.879,UP,109.405,0.595382,3.51108,50
0.88,UP,109.408,0.591891,3.49119,50
0.881,UP,109.412,0.58842,3.47141,50
0.882,UP,109.415,0.584968,3.45174,50
0.883,UP,109.418,0.581536,3.43218,50
0.884,UP,109.422,0.578123,3.41271,50
0.885,UP,109.425,0.57473,3.39336,50
0.886,UP,109.429,0.571356,3.3741,50
0.887,UP,109.432,0.568001,3.35496,50
0.888,UP,109.435,0.564665,3.33591,50
0.889,UP,109.439,0.561348,3.31697,50
0.89,UP,109.442,0.55805,3.29812,50
0.891,UP,109.445,0.55477,3.27938,50
0.892,UP,109.448,0.55151,3.26074,50
0.893,UP,109.452,0.548267,3.24221,50
0.894,UP,109.455,0.545044,3.22377,50
0.895,UP,109.458,0.541838,3.20543,50
0.896,UP,109.461,0.538651,3.18719,50
0.897,UP,109.465,0.535482,3.16905,50
0.898,UP,109.468,0.532331,3.15101,50
0.899,UP,109.471,0.529198,3.13306,50
0.9,UP,109.474,0.526083,3.11521,50
0.901,UP,109.477,0.522985,3.09746,50
0.902,UP,109.48,0.519905,3.0798,50
0.903,UP,109.483,0.516843,3.06224,50
0.904,UP,109.486,0.513798,3.04478,50
0.905,UP,109.489,0.510771,3.02741,50
0.906,UP,109.492,0.507761,3.01014,50
0.907,UP,109.495,0.504768,2.99295,50
0.908,UP,109.498,0.501792,2.97587,50
0.909,UP,109.501,0.498833,2.95887,50
0.91,UP,109.504,0.495891,2.94197,50
0.911,UP,109.507,0.492966,2.92516,50
0.912,UP,109.51,0.490058,2.90844,50
0.913,UP,109.513,0.487166,2.89181,50
0.914,UP,109.516,0.48429,2.87527,50
0.915,UP,109.519,0.481432,2.85882,50
0.916,UP,109.521,0.478589,2.84246,50
0.917,UP,109.524,0.475763,2.82619,50
0.918,UP,109.527,0.472953,2.81001,50
0.919,UP,109.53,0.470159,2.79392,50
0.92,UP,109.533,0.467381,2.77792,50
0.921,UP,109.535,0.464619,2.762,50
0.922,UP,109.538,0.461873,2.74617,50
0.923,UP,109.541,0.459143,2.73043,50
0.924,UP,109.544,0.456428,2.71477,50
0.925,UP,109.546,0.453729,2.6992,50
0.926,UP,109.549,0.451045,2.68371,50
0.927,UP,109.552,0.448377,2.66831,50
0.928,UP,109.554,0.445724,2.653,50
0.929,UP,109.557,0.443086,2.63776,50
0.93,UP,109.56,0.440463,2.62261,50
0.931,UP,109.562,0.437856,2.60755,50
0.932,UP,109.565,0.435263,2.59256,50
0.933,UP,109.567,0.432685,2.57766,50
0.934,UP,109.57,0.430123,2.56284,50
0.935,UP,109.572,0.427574,2.54811,50
0.936,UP,109.575,0.425041,2.53345,50
0.937,UP,109.577,0.422522,2.51887,50
0.938,UP,109.58,0.420018,2.50438,50
0.939,UP,109.582,0.417528,2.48996,50
0.94,UP,109.585,0.415052,2.47562,50
0.941,UP,109.587,0.412591,2.46136,50
0.942,UP,109.59,0.410144,2.44719,50
0.943,UP,109.592,0.407711,2.43308,50
0.944,UP,109.595,0.405291,2.41906,50
0.945,UP,109.597,0.402886,2.40511,50
0.946,UP,109.6,0.400495,2.39125,50
0.947,UP,109.602,0.398118,2.37745,50
0.948,UP,109.604,0.395754,2.36374,50
0.949,UP,109.607,0.393404,2.3501,50
0.95,UP,109.609,0.391067,2.33653,50
0.951,UP,109.611,0.388744,2.32304,50
0.952,UP,109.614,0.386435,2.30963,50
0.953,UP,109.616,0.384138,2.29628,50
0.954,UP,109.618,0.381855,2.28302,50
0.955,UP,109.62,0.379585,2.26982,50
0.956,UP,109.623,0.377329,2.2567,50
0.957,UP,109.625,0.375085,2.24365,50
0.958,UP,109.627,0.372854,2.23068,50
0.959,UP,109.629,0.370637,2.21777,50
0.96,UP,109.632,0.368432,2.20494,50
0.961,UP,109.634,0.36624,2.19218,50
0.962,UP,109.636,0.36406,2.17949,50
0.963,UP,109.638,0.361893,2.16687,50
0.964,UP,109.64,0.359739,2.15432,50
0.965,UP,109.642,0.357597,2.14184,50
0.966,UP,109.645,0.355468,2.12943,50
0.967,UP,109.647,0.353351,2.11709,50
0.968,UP,109.649,0.351246,2.10482,50
0.969,UP,109.651,0.349153,2.09261,50
0.97,UP,109.653,0.347073,2.08048,50
0.971,UP,109.655,0.345004,2.06841,50
0.972,UP,109.657,0.342948,2.05641,50
0.973,UP,109.659,0.340903,2.04447,50
0.974,UP,109.661,0.338871,2.0326,50
0.975,UP,109.663,0.33685,2.0208,50
0.976,UP,109.665,0.334841,2.00907,50
0.977,UP,109.667,0.332843,1.9974,50
0.978,UP,109.669,0.330858,1.98579,50
0.979,UP,109.671,0.328883,1.97425,50
0.98,UP,109.673,0.326921,1.96277,50
0.981,UP,109.675,0.324969,1.95136,50
0.982,UP,109.677,0.323029,1.94001,50
0.983,UP,109.679,0.321101,1.92873,50
0.984,UP,109.681,0.319183,1.91751,50
0.985,UP,109.683,0.317277,1.90635,50
0.986,UP,109.685,0.315381,1.89525,50
0.987,UP,109.687,0.313497,1.88422,50
0.988,UP,109.688,0.311624,1.87325,50
0.989,UP,109.69,0.309762,1.86234,50
0.99,UP,109.692,0.30791,1.85149,50
0.991,UP,109.694,0.306069,1.8407,50
0.992,UP,109.696,0.304239,1.82997,50
0.993,UP,109.698,0.30242,1.8193,50
0.994,UP,109.699,0.300611,1.8087,50
0.995,UP,109.701,0.298813,1.79815,50
0.996,UP,109.703,0.297026,1.78766,50
0.997,UP,109.705,0.295248,1.77723,50
0.998,UP,109.707,0.293482,1.76686,50
0.999,UP,109.708,0.291725,1.75654,50
1,UP,109.71,0.289979,1.74629,50
1.001,UP,109.712,0.288243,1.73609,50
1.002,UP,109.713,0.286517,1.72595,50
1.003,UP,109.715,0.284801,1.71587,50
1.004,UP,109.717,0.283095,1.70584,50
1.005,UP,109.719,0.281399,1.69587,50
1.006,UP,109.72,0.279713,1.68596,50
1.007,UP,109.722,0.278037,1.6761,50
1.008,UP,109.724,0.276371,1.6663,50
1.009,UP,109.725,0.274714,1.65655,50
1.01,UP,109.727,0.273067,1.64686,50
1.011,UP,109.729,0.27143,1.63723,50
1.012,UP,109.73,0.269802,1.62764,50
1.013,UP,109.732,0.268184,1.61812,50
1.014,UP,109.733,0.266576,1.60864,50
1.015,UP,109.735,0.264976,1.59922,50
1.016,UP,109.737,0.263387,1.58985,50
1.017,UP,109.738,0.261806,1.58054,50
1.018,UP,109.74,0.260235,1.57128,50
1.019,UP,109.741,0.258673,1.56207,50
1.02,UP,109.743,0.25712,1.55291,50
1.021,UP,109.744,0.255576,1.5438,50
1.022,UP,109.746,0.254041,1.53475,50
1.023,UP,109.747,0.252516,1.52575,50
1.024,UP,109.749,0.250999,1.5168,50
1.025,UP,109.751,0.249491,1.5079,50
1.026,UP,109.752,0.247992,1.49904,50
1.027,UP,109.753,0.246502,1.49024,50
1.028,UP,109.755,0.24502,1.48149,50
1.029,UP,109.756,0.243547,1.47279,50
1.03,UP,109.758,0.242083,1.46414,50
1.031,UP,109.759,0.240628,1.45554,50
1.032,UP,109.761,0.239181,1.44699,50
1.033,UP,109.762,0.237742,1.43848,50
1.034,UP,109.764,0.236312,1.43003,50
1.035,UP,109.765,0.23489,1.42162,50
1.036,UP,109.767,0.233477,1.41326,50
1.037,UP,109.768,0.232072,1.40495,50
1.038,UP,109.769,0.230676,1.39668,50
1.039,UP,109.771,0.229287,1.38846,50
1.04,UP,109.772,0.227907,1.38029,50
1.041,UP,109.773,0.226535,1.37217,50
1.042,UP,109.775,0.225171,1.36409,50
1.043,UP,109.776,0.223815,1.35606,50
1.044,UP,109.778,0.222466,1.34807,50
1.045,UP,109.779,0.221126,1.34013,50
1.046,UP,109.78,0.219794,1.33223,50
1.047,UP,109.782,0.21847,1.32438,50
1.048,UP,109.783,0.217153,1.31657,50
1.049,UP,109.784,0.215844,1.30881,50
1.05,UP,109.785,0.214543,1.3011,50
1.051,UP,109.787,0.21325,1.29342,50
1.052,UP,109.788,0.211964,1.28579,50
1.053,UP,109.789,0.210686,1.27821,50
1.054,UP,109.791,0.209415,1.27067,50
1.055,UP,109.792,0.208152,1.26317,50
1.056,UP,109.793,0.206896,1.25571,50
1.057,UP,109.794,0.205648,1.2483,50
1.058,UP,109.796,0.204407,1.24093,50
1.059,UP,109.797,0.203173,1.2336,50
1.06,UP,109.798,0.201947,1.22631,50
1.061,UP,109.799,0.200728,1.21906,50
1.062,UP,109.8,0.199516,1.21186,50
1.063,UP,109.802,0.198312,1.2047,50
1.064,UP,109.803,0.197114,1.19758,50
1.065,UP,109.804,0.195923,1.1905,50
1.066,UP,109.805,0.19474,1.18346,50
1.067,UP,109.806,0.193564,1.17646,50
1.068,UP,109.808,0.192394,1.1695,50
1.069,UP,109.809,0.191231,1.16258,50
1.07,UP,109.81,0.190076,1.1557,50
1.071,UP,109.811,0.188927,1.14886,50
1.072,UP,109.812,0.187785,1.14206,50
1.073,UP,109.813,0.18665,1.13529,50
1.074,UP,109.814,0.185521,1.12857,50
1.075,UP,109.816,0.184399,1.12189,50
1.076,UP,109.817,0.183284,1.11524,50
1.077,UP,109.818,0.182175,1.10863,50
1.078,UP,109.819,0.181073,1.10206,50
1.079,UP,109.82,0.179978,1.09553,50
1.08,UP,109.821,0.178889,1.08904,50
1.081,UP,109.822,0.177806,1.08258,50
1.082,UP,109.823,0.17673,1.07616,50
1.083,UP,109.824,0.17566,1.06978,50
1.084,UP,109.825,0.174597,1.06343,50
1.085,UP,109.826,0.17354,1.05712,50
1.086,UP,109.828,0.172489,1.05085,50
1.087,UP,109.829,0.171444,1.04461,50
1.088,UP,109.83,0.170406,1.03841,50
1.089,UP,109.831,0.169373,1.03225,50
1.09,UP,109.832,0.168347,1.02612,50
1.091,UP,109.833,0.167327,1.02002,50
1.092,UP,109.834,0.166313,1.01396,50
1.093,UP,109.835,0.165305,1.00794,50
1.094,UP,109.836,0.164303,1.00195,50
1.095,UP,109.837,0.163307,0.995997,50
1.096,UP,109.838,0.162317,0.990077,50
1.097,UP,109.839,0.161333,0.984191,50
1.098,UP,109.84,0.160355,0.978339,50
1.099,UP,109.841,0.159382,0.972521,50
1.1,UP,109.842,0.158416,0.966736,50
1.101,UP,109.843,0.157455,0.960985,50
1.102,UP,109.844,0.156499,0.955268,50
1.103,UP,109.844,0.15555,0.949583,50
1.104,UP,109.845,0.154606,0.943932,50
1.105,UP,109.846,0.153667,0.938313,50
1.106,UP,109.847,0.152735,0.932726,50
1.107,UP,109.848,0.151808,0.927172,50
1.108,UP,109.849,0.150886,0.92165,50
1.109,UP,109.85,0.14997,0.916161,50
1.11,UP,109.851,0.149059,0.910703,50
1.111,UP,109.852,0.148154,0.905276,50
1.112,UP,109.853,0.147254,0.899881,50
1.113,UP,109.854,0.146359,0.894518,50
1.114,UP,109.855,0.14547,0.889185,50
1.115,UP,109.855,0.144586,0.883884,50
1.116,UP,109.856,0.143708,0.878613,50
1.117,UP,109.857,0.142834,0.873373,50
1.118,UP,109.858,0.141966,0.868164,50
1.119,UP,109.859,0.141103,0.862984,50
1.12,UP,109.86,0.140245,0.857835,50
1.121,UP,109.861,0.139393,0.852716,50
1.122,UP,109.861,0.138545,0.847626,50
1.123,UP,109.862,0.137702,0.842566,50
1.124,UP,109.863,0.136865,0.837535,50
1.125,UP,109.864,0.136032,0.832534,50
1.126,UP,109.865,0.135205,0.827562,50
1.127,UP,109.866,0.134382,0.822619,50
1.128,UP,109.866,0.133564,0.817704,50
1.129,UP,109.867,0.132752,0.812818,50
1.13,UP,109.868,0.131944,0.807961,50
1.131,UP,109.869,0.131141,0.803132,50
1.132,UP,109.87,0.130342,0.798331,50
1.133,UP,109.87,0.129549,0.793558,50
1.134,UP,109.871,0.12876,0.788813,50
1.135,UP,109.872,0.127976,0.784095,50
1.136,UP,109.873,0.127196,0.779405,50
1.137,UP,109.874,0.126422,0.774743,50
1.138,UP,109.874,0.125651,0.770107,50
1.139,UP,109.875,0.124886,0.765499,50
1.14,UP,109.876,0.124125,0.760917,50
1.141,UP,109.877,0.123369,0.756363,50
1.142,UP,109.877,0.122617,0.751834,50
1.143,UP,109.878,0.12187,0.747333,50
1.144,UP,109.879,0.121127,0.742857,50
1.145,UP,109.88,0.120388,0.738408,50
1.146,UP,109.88,0.119654,0.733985,50
1.147,UP,109.881,0.118925,0.729587,50
1.148,UP,109.882,0.118199,0.725216,50
1.149,UP,109.883,0.117479,0.72087,50
1.15,UP,109.883,0.116762,0.716549,50
1.151,UP,109.884,0.11605,0.712253,50
1.152,UP,109.885,0.115342,0.707983,50
1.153,UP,109.885,0.114638,0.703738,50
1.154,UP,109.886,0.113939,0.699517,50
1.155,UP,109.887,0.113243,0.695322,50
1.156,UP,109.887,0.112552,0.69115,50
1.157,UP,109.888,0.111865,0.687004,50
1.158,UP,109.889,0.111182,0.682881,50
1.159,UP,109.889,0.110503,0.678783,50
1.16,UP,109.89,0.109829,0.674709,50
1.161,UP,109.891,0.109158,0.670658,50
1.162,UP,109.892,0.108491,0.666632,50
1.163,UP,109.892,0.107829,0.662629,50
1.164,UP,109.893,0.10717,0.658649,50
1.165,UP,109.893,0.106515,0.654693,50
1.166,UP,109.894,0.105865,0.65076,50
1.167,UP,109.895,0.105218,0.64685,50
1.168,UP,109.895,0.104575,0.642963,50
1.169,UP,109.896,0.103936,0.639099,50
1.17,UP,109.897,0.103301,0.635258,50
1.171,UP,109.897,0.102669,0.631439,50
1.172,UP,109.898,0.102041,0.627642,50
1.173,UP,109.899,0.101418,0.623868,50
1.174,UP,109.899,0.100797,0.620116,50
1.175,UP,109.9,0.100181,0.616386,50
1.176,UP,109.9,0.0995684,0.612678,50
1.177,UP,109.901,0.0989594,0.608992,50
1.178,UP,109.902,0.0983541,0.605328,50
1.179,UP,109.902,0.0977524,0.601685,50
1.18,UP,109.903,0.0971544,0.598063,50
1.181,UP,109.903,0.0965599,0.594463,50
1.182,UP,109.904,0.095969,0.590884,50
1.183,UP,109.905,0.0953817,0.587326,50
1.184,UP,109.905,0.0947979,0.583789,50
1.185,UP,109.906,0.0942176,0.580273,50
1.186,UP,109.906,0.0936408,0.576778,50
1.187,UP,109.907,0.0930675,0.573303,50
1.188,UP,109.908,0.0924977,0.569849,50
1.189,UP,109.908,0.0919313,0.566415,50
1.19,UP,109.909,0.0913683,0.563001,50
1.191,UP,109.909,0.0908087,0.559607,50
1.192,UP,109.91,0.0902524,0.556234,50
1.193,UP,109.91,0.0896996,0.55288,50
1.194,UP,109.911,0.08915,0.549546,50
1.195,UP,109.911,0.0886038,0.546232,50
1.196,UP,109.912,0.0880608,0.542937,50
1.197,UP,109.912,0.0875212,0.539662,50
1.198,UP,109.913,0.0869848,0.536406,50
1.199,UP,109.914,0.0864516,0.533169,50
1.2,UP,109.914,0.0859216,0.529952,50
1.201,UP,109.915,0.0853949,0.526753,50
1.202,UP,109.915,0.0848713,0.523573,50
1.203,UP,109.916,0.0843509,0.520412,50
1.204,UP,109.916,0.0838336,0.51727,50
1.205,UP,109.917,0.0833195,0.514147,50
1.206,UP,109.917,0.0828085,0.511041,50
1.207,UP,109.918,0.0823005,0.507955,50
1.208,UP,109.918,0.0817956,0.504886,50
1.209,UP,109.919,0.0812938,0.501836,50
1.21,UP,109.919,0.080795,0.498803,50
1.21,DOWN,109.92,19.9195,0.318803,50
1.211,DOWN,109.92,19.9197,0.138803,50
1.212,DOWN,109.92,19.9196,-0.0411966,50
1.213,DOWN,109.919,19.9194,-0.221197,50
1.214,DOWN,109.919,19.919,-0.401197,50
1.215,DOWN,109.918,19.9184,-0.581197,50
1.216,DOWN,109.918,19.9177,-0.761197,50
1.217,DOWN,109.917,19.9167,-0.941197,50
1.218,DOWN,109.916,19.9156,-1.1212,50
1.219,DOWN,109.914,19.9143,-1.3012,50
1.22,DOWN,109.913,19.9128,-1.4812,50
1.221,DOWN,109.911,19.9112,-1.6612,50
1.222,DOWN,109.909,19.9093,-1.8412,50
1.223,DOWN,109.907,19.9073,-2.0212,50
1.224,DOWN,109.905,19.9051,-2.2012,50
1.225,DOWN,109.903,19.9027,-2.3812,50
1.226,DOWN,109.9,19.9001,-2.5612,50
1.227,DOWN,109.897,19.8974,-2.7412,50
1.228,DOWN,109.894,19.8945,-2.9212,50
1.229,DOWN,109.891,19.8914,-3.1012,50
1.23,DOWN,109.888,19.8881,-3.2812,50
1.231,DOWN,109.885,19.8846,-3.4612,50
1.232,DOWN,109.881,19.881,-3.6412,50
1.233,DOWN,109.877,19.8772,-3.8212,50
1.234,DOWN,109.873,19.8732,-4.0012,50
1.235,DOWN,109.869,19.869,-4.1812,50
1.236,DOWN,109.865,19.8646,-4.3612,50
1.237,DOWN,109.86,19.8601,-4.5412,50
1.238,DOWN,109.855,19.8554,-4.7212,50
1.239,DOWN,109.85,19.8505,-4.9012,50
1.24,DOWN,109.845,19.8454,-5.0812,50
1.241,DOWN,109.84,19.8401,-5.2612,50
1.242,DOWN,109.835,19.8347,-5.4412,50
1.243,DOWN,109.829,19.8291,-5.6212,50
1.244,DOWN,109.823,19.8233,-5.8012,50
1.245,DOWN,109.817,19.8173,-5.9812,50
1.246,DOWN,109.811,19.8111,-6.1612,50
1.247,DOWN,109.805,19.8048,-6.3412,50
1.248,DOWN,109.798,19.7983,-6.5212,50
1.249,DOWN,109.792,19.7916,-6.7012,50
1.25,DOWN,109.785,19.7847,-6.8812,50
1.251,DOWN,109.778,19.7776,-7.0612,50
1.252,DOWN,109.77,19.7704,-7.2412,50
1.253,DOWN,109.763,19.763,-7.4212,50
1.254,DOWN,109.755,19.7554,-7.6012,50
1.255,DOWN,109.748,19.7476,-7.7812,50
1.256,DOWN,109.74,19.7396,-7.9612,50
1.257,DOWN,109.731,19.7315,-8.1412,50
1.258,DOWN,109.723,19.7231,-8.3212,50
1.259,DOWN,109.715,19.7146,-8.5012,50
1.26,DOWN,109.706,19.706,-8.6812,50
1.261,DOWN,109.697,19.6971,-8.8612,50
1.262,DOWN,109.688,19.6881,-9.0412,50
1.263,DOWN,109.679,19.6788,-9.2212,50
1.264,DOWN,109.669,19.6694,-9.4012,50
1.265,DOWN,109.66,19.6599,-9.5812,50
1.266,DOWN,109.65,19.6501,-9.7612,50
1.267,DOWN,109.64,19.6402,-9.9412,50
1.268,DOWN,109.63,19.63,-10.1212,50
1.269,DOWN,109.62,19.6197,-10.3012,50
1.27,DOWN,109.609,19.6093,-10.4812,50
1.271,DOWN,109.599,19.5986,-10.6612,50
1.272,DOWN,109.588,19.5877,-10.8412,50
1.273,DOWN,109.577,19.5767,-11.0212,50
1.274,DOWN,109.566,19.5655,-11.2012,50
1.275,DOWN,109.554,19.5541,-11.3812,50
1.276,DOWN,109.543,19.5426,-11.5612,50
1.277,DOWN,109.531,19.5308,-11.7412,50
1.278,DOWN,109.519,19.5189,-11.9212,50
1.279,DOWN,109.507,19.5068,-12.1012,50
1.28,DOWN,109.495,19.4945,-12.2812,50
1.281,DOWN,109.482,19.4821,-12.4612,50
1.282,DOWN,109.469,19.4694,-12.6412,50
1.283,DOWN,109.457,19.4566,-12.8212,50
1.284,DOWN,109.444,19.4436,-13.0012,50
1.285,DOWN,109.43,19.4304,-13.1812,50
1.286,DOWN,109.417,19.4171,-13.3612,50
1.287,DOWN,109.404,19.4035,-13.5412,50
1.288,DOWN,109.39,19.3898,-13.7212,50
1.289,DOWN,109.376,19.3759,-13.9012,50
1.29,DOWN,109.362,19.3618,-14.0812,50
1.291,DOWN,109.348,19.3476,-14.2612,50
1.292,DOWN,109.333,19.3331,-14.4412,50
1.293,DOWN,109.319,19.3185,-14.6212,50
1.294,DOWN,109.304,19.3037,-14.8012,50
1.295,DOWN,109.289,19.2887,-14.9812,50
1.296,DOWN,109.274,19.2736,-15.1612,50
1.297,DOWN,109.258,19.2582,-15.3412,50
1.298,DOWN,109.243,19.2427,-15.5212,50
1.299,DOWN,109.227,19.227,-15.7012,50
1.3,DOWN,109.211,19.2111,-15.8812,50
1.301,DOWN,109.195,19.1951,-16.0612,50
1.302,DOWN,109.179,19.1788,-16.2412,50
1.303,DOWN,109.162,19.1624,-16.4212,50
1.304,DOWN,109.146,19.1458,-16.6012,50
1.305,DOWN,109.129,19.129,-16.7812,50
1.306,DOWN,109.112,19.112,-16.9612,50
1.307,DOWN,109.095,19.0949,-17.1412,50
1.308,DOWN,109.078,19.0776,-17.3212,50
1.309,DOWN,109.06,19.0601,-17.5012,50
1.31,DOWN,109.042,19.0424,-17.6812,50
1.311,DOWN,109.025,19.0245,-17.8612,50
1.312,DOWN,109.007,19.0065,-18.0412,50
1.313,DOWN,108.988,18.9883,-18.2212,50
1.314,DOWN,108.97,18.9699,-18.4012,50
1.315,DOWN,108.951,18.9513,-18.5812,50
1.316,DOWN,108.933,18.9325,-18.7612,50
1.317,DOWN,108.914,18.9136,-18.9412,50
1.318,DOWN,108.894,18.8945,-19.1212,50
1.319,DOWN,108.875,18.8752,-19.3012,50
1.32,DOWN,108.856,18.8557,-19.4812,50
1.321,DOWN,108.836,18.836,-19.6612,50
1.322,DOWN,108.816,18.8162,-19.8412,50
1.323,DOWN,108.796,18.7962,-20.0212,50
1.324,DOWN,108.776,18.776,-20.2012,50
1.325,DOWN,108.756,18.7556,-20.3812,50
1.326,DOWN,108.735,18.735,-20.5612,50
1.327,DOWN,108.714,18.7143,-20.7412,50
1.328,DOWN,108.693,18.6934,-20.9212,50
1.329,DOWN,108.672,18.6723,-21.1012,50
1.33,DOWN,108.651,18.651,-21.2812,50
1.331,DOWN,108.63,18.6295,-21.4612,50
1.332,DOWN,108.608,18.6079,-21.6412,50
1.333,DOWN,108.586,18.5861,-21.8212,50
1.334,DOWN,108.564,18.5641,-22.0012,50
1.335,DOWN,108.542,18.5419,-22.1812,50
1.336,DOWN,108.52,18.5195,-22.3612,50
1.337,DOWN,108.497,18.497,-22.5412,50
1.338,DOWN,108.474,18.4743,-22.7212,50
1.339,DOWN,108.451,18.4513,-22.9012,50
1.34,DOWN,108.428,18.4283,-23.0812,50
1.341,DOWN,108.405,18.405,-23.2612,50
1.342,DOWN,108.382,18.3816,-23.4412,50
1.343,DOWN,108.358,18.3579,-23.6212,50
1.344,DOWN,108.334,18.3341,-23.8012,50
1.345,DOWN,108.31,18.3102,-23.9812,50
1.346,DOWN,108.286,18.286,-24.1612,50
1.347,DOWN,108.262,18.2617,-24.3412,50
1.348,DOWN,108.237,18.2371,-24.5212,50
1.349,DOWN,108.212,18.2124,-24.7012,50
1.35,DOWN,108.188,18.1876,-24.8812,50
1.351,DOWN,108.162,18.1625,-25.0612,50
1.352,DOWN,108.137,18.1373,-25.2412,50
1.353,DOWN,108.112,18.1118,-25.4212,50
1.354,DOWN,108.086,18.0862,-25.6012,50
1.355,DOWN,108.06,18.0605,-25.7812,50
1.356,DOWN,108.034,18.0345,-25.9612,50
1.357,DOWN,108.008,18.0083,-26.1412,50
1.358,DOWN,107.982,17.982,-26.3212,50
1.359,DOWN,107.956,17.9555,-26.5012,50
1.36,DOWN,107.929,17.9288,-26.6812,50
1.361,DOWN,107.902,17.902,-26.8612,50
1.362,DOWN,107.875,17.8749,-27.0412,50
1.363,DOWN,107.848,17.8477,-27.2212,50
1.364,DOWN,107.82,17.8203,-27.4012,50
1.365,DOWN,107.793,17.7927,-27.5812,50
1.366,DOWN,107.765,17.765,-27.7612,50
1.367,DOWN,107.737,17.737,-27.9412,50
1.368,DOWN,107.709,17.7089,-28.1212,50
1.369,DOWN,107.681,17.6806,-28.3012,50
1.37,DOWN,107.652,17.6521,-28.4812,50
1.371,DOWN,107.623,17.6235,-28.6612,50
1.372,DOWN,107.595,17.5946,-28.8412,50
1.373,DOWN,107.566,17.5656,-29.0212,50
1.374,DOWN,107.536,17.5364,-29.2012,50
1.375,DOWN,107.507,17.507,-29.3812,50
1.376,DOWN,107.477,17.4775,-29.5612,50
1.377,DOWN,107.448,17.4477,-29.7412,50
1.378,DOWN,107.418,17.4178,-29.9212,50
1.379,DOWN,107.388,17.3877,-30.1012,50
1.38,DOWN,107.357,17.3574,-30.2812,50
1.381,DOWN,107.327,17.327,-30.4612,50
1.382,DOWN,107.296,17.2963,-30.6412,50
1.383,DOWN,107.265,17.2655,-30.8212,50
1.384,DOWN,107.234,17.2345,-31.0012,50
1.385,DOWN,107.203,17.2033,-31.1812,50
1.386,DOWN,107.172,17.172,-31.3612,50
1.387,DOWN,107.14,17.1404,-31.5412,50
1.388,DOWN,107.109,17.1087,-31.7212,50
1.389,DOWN,107.077,17.0768,-31.9012,50
1.39,DOWN,107.045,17.0447,-32.0812,50
1.391,DOWN,107.012,17.0124,-32.2612,50
1.392,DOWN,106.98,16.98,-32.4412,50
1.393,DOWN,106.947,16.9474,-32.6212,50
1.394,DOWN,106.915,16.9146,-32.8012,50
1.395,DOWN,106.882,16.8816,-32.9812,50
1.396,DOWN,106.848,16.8484,-33.1612,50
1.397,DOWN,106.815,16.8151,-33.3412,50
1.398,DOWN,106.782,16.7816,-33.5212,50
1.399,DOWN,106.748,16.7479,-33.7012,50
1.4,DOWN,106.714,16.714,-33.8812,50
1.401,DOWN,106.68,16.6799,-34.0612,50
1.402,DOWN,106.646,16.6457,-34.2412,50
1.403,DOWN,106.611,16.6113,-34.4212,50
1.404,DOWN,106.577,16.5767,-34.6012,50
1.405,DOWN,106.542,16.5419,-34.7812,50
1.406,DOWN,106.507,16.5069,-34.9612,50
1.407,DOWN,106.472,16.4718,-35.1412,50
1.408,DOWN,106.436,16.4365,-35.3212,50
1.409,DOWN,106.401,16.401,-35.5012,50
1.41,DOWN,106.365,16.3653,-35.6812,50
1.411,DOWN,106.329,16.3294,-35.8612,50
1.412,DOWN,106.293,16.2934,-36.0412,50
1.413,DOWN,106.257,16.2572,-36.2212,50
1.414,DOWN,106.221,16.2208,-36.4012,50
1.415,DOWN,106.184,16.1842,-36.5812,50
1.416,DOWN,106.147,16.1474,-36.7612,50
1.417,DOWN,106.11,16.1105,-36.9412,50
1.418,DOWN,106.073,16.0734,-37.1212,50
1.419,DOWN,106.036,16.0361,-37.3012,50
1.42,DOWN,105.999,15.9986,-37.4812,50
1.421,DOWN,105.961,15.9609,-37.6612,50
1.422,DOWN,105.923,15.9231,-37.8412,50
1.423,DOWN,105.885,15.885,-38.0212,50
1.424,DOWN,105.847,15.8468,-38.2012,50
1.425,DOWN,105.808,15.8085,-38.3812,50
1.426,DOWN,105.77,15.7699,-38.5612,50
1.427,DOWN,105.731,15.7312,-38.7412,50
1.428,DOWN,105.692,15.6922,-38.9212,50
1.429,DOWN,105.653,15.6531,-39.1012,50
1.43,DOWN,105.614,15.6139,-39.2812,50
1.431,DOWN,105.574,15.5744,-39.4612,50
1.432,DOWN,105.535,15.5348,-39.6412,50
1.433,DOWN,105.495,15.4949,-39.8212,50
1.434,DOWN,105.455,15.4549,-40.0012,50
1.435,DOWN,105.415,15.4148,-40.1812,50
1.436,DOWN,105.374,15.3744,-40.3612,50
1.437,DOWN,105.334,15.3339,-40.5412,50
1.438,DOWN,105.293,15.2931,-40.7212,50
1.439,DOWN,105.252,15.2522,-40.9012,50
1.44,DOWN,105.211,15.2111,-41.0812,50
1.441,DOWN,105.17,15.1699,-41.2608,50
1.442,DOWN,105.128,15.1285,-41.4358,50
1.443,DOWN,105.087,15.0868,-41.6062,50
1.444,DOWN,105.045,15.0451,-41.7721,50
1.445,DOWN,105.003,15.0031,-41.9336,50
1.446,DOWN,104.961,14.961,-42.0908,50
1.447,DOWN,104.919,14.9188,-42.2436,50
1.448,DOWN,104.876,14.8764,-42.3921,50
1.449,DOWN,104.834,14.8339,-42.5364,50
1.45,DOWN,104.791,14.7912,-42.6765,50
1.451,DOWN,104.748,14.7484,-42.8126,50
1.452,DOWN,104.705,14.7054,-42.9445,50
1.453,DOWN,104.662,14.6624,-43.0725,50
1.454,DOWN,104.619,14.6192,-43.1964,50
1.455,DOWN,104.576,14.5759,-43.3165,50
1.456,DOWN,104.532,14.5324,-43.4327,50
1.457,DOWN,104.489,14.4889,-43.5451,50
1.458,DOWN,104.445,14.4452,-43.6537,50
1.459,DOWN,104.401,14.4015,-43.7586,50
1.46,DOWN,104.358,14.3576,-43.8599,50
1.461,DOWN,104.314,14.3137,-43.9575,50
1.462,DOWN,104.27,14.2696,-44.0515,50
1.463,DOWN,104.225,14.2255,-44.142,50
1.464,DOWN,104.181,14.1812,-44.229,50
1.465,DOWN,104.137,14.1369,-44.3126,50
1.466,DOWN,104.093,14.0925,-44.3928,50
1.467,DOWN,104.048,14.0481,-44.4696,50
1.468,DOWN,104.004,14.0035,-44.5431,50
1.469,DOWN,103.959,13.9589,-44.6133,50
1.47,DOWN,103.914,13.9142,-44.6803,50
1.471,DOWN,103.869,13.8695,-44.7442,50
1.472,DOWN,103.825,13.8247,-44.8049,50
1.473,DOWN,103.78,13.7798,-44.8625,50
1.474,DOWN,103.735,13.7349,-44.917,50
1.475,DOWN,103.69,13.6899,-44.9685,50
1.476,DOWN,103.645,13.6449,-45.0171,50
1.477,DOWN,103.6,13.5998,-45.0627,50
1.478,DOWN,103.555,13.5547,-45.1054,50
1.479,DOWN,103.51,13.5096,-45.1452,50
1.48,DOWN,103.464,13.4644,-45.1823,50
1.481,DOWN,103.419,13.4192,-45.2165,50
1.482,DOWN,103.374,13.3739,-45.248,50
1.483,DOWN,103.329,13.3287,-45.2768,50
1.484,DOWN,103.283,13.2834,-45.3029,50
1.485,DOWN,103.238,13.238,-45.3264,50
1.486,DOWN,103.193,13.1927,-45.3473,50
1.487,DOWN,103.147,13.1473,-45.3656,50
1.488,DOWN,103.102,13.1019,-45.3814,50
1.489,DOWN,103.057,13.0565,-45.3947,50
1.49,DOWN,103.011,13.0111,-45.4056,50
1.491,DOWN,102.966,12.9657,-45.414,50
1.492,DOWN,102.92,12.9203,-45.4201,50
1.493,DOWN,102.875,12.8749,-45.4237,50
1.494,DOWN,102.829,12.8295,-45.4251,50
1.495,DOWN,102.784,12.784,-45.4242,50
1.496,DOWN,102.739,12.7386,-45.421,50
1.497,DOWN,102.693,12.6932,-45.4155,50
1.498,DOWN,102.648,12.6478,-45.4079,50
1.499,DOWN,102.602,12.6024,-45.3982,50
1.5,DOWN,102.557,12.557,-45.3862,50
1.501,DOWN,102.512,12.5116,-45.3722,50
1.502,DOWN,102.466,12.4663,-45.3562,50
1.503,DOWN,102.421,12.4209,-45.338,50
1.504,DOWN,102.376,12.3756,-45.3179,50
1.505,DOWN,102.33,12.3303,-45.2958,50
1.506,DOWN,102.285,12.2851,-45.2717,50
1.507,DOWN,102.24,12.2398,-45.2457,50
1.508,DOWN,102.195,12.1946,-45.2179,50
1.509,DOWN,102.149,12.1494,-45.1881,50
1.51,DOWN,102.104,12.1042,-45.1565,50
1.511,DOWN,102.059,12.0591,-45.1231,50
1.512,DOWN,102.014,12.014,-45.088,50
1.513,DOWN,101.969,11.969,-45.051,50
1.514,DOWN,101.924,11.924,-45.0123,50
1.515,DOWN,101.879,11.879,-44.972,50
1.516,DOWN,101.834,11.8341,-44.9299,50
1.517,DOWN,101.789,11.7892,-44.8862,50
1.518,DOWN,101.744,11.7443,-44.8409,50
1.519,DOWN,101.7,11.6995,-44.794,50
1.52,DOWN,101.655,11.6548,-44.7455,50
1.521,DOWN,101.61,11.6101,-44.6954,50
1.522,DOWN,101.565,11.5655,-44.6438,50
1.523,DOWN,101.521,11.5209,-44.5907,50
1.524,DOWN,101.476,11.4763,-44.5362,50
1.525,DOWN,101.432,11.4319,-44.4802,50
1.526,DOWN,101.387,11.3874,-44.4227,50
1.527,DOWN,101.343,11.3431,-44.3638,50
1.528,DOWN,101.299,11.2988,-44.3036,50
1.529,DOWN,101.255,11.2545,-44.242,50
1.53,DOWN,101.21,11.2103,-44.179,50
1.531,DOWN,101.166,11.1662,-44.1148,50
1.532,DOWN,101.122,11.1222,-44.0492,50
1.533,DOWN,101.078,11.0782,-43.9824,50
1.534,DOWN,101.034,11.0343,-43.9143,50
1.535,DOWN,100.99,10.9904,-43.8449,50
1.536,DOWN,100.947,10.9467,-43.7744,50
1.537,DOWN,100.903,10.903,-43.7027,50
1.538,DOWN,100.859,10.8593,-43.6298,50
1.539,DOWN,100.816,10.8158,-43.5557,50
1.54,DOWN,100.772,10.7723,-43.4805,50
1.541,DOWN,100.729,10.7289,-43.4042,50
1.542,DOWN,100.686,10.6856,-43.3269,50
1.543,DOWN,100.642,10.6423,-43.2484,50
1.544,DOWN,100.599,10.5991,-43.1689,50
1.545,DOWN,100.556,10.5561,-43.0884,50
1.546,DOWN,100.513,10.5131,-43.0068,50
1.547,DOWN,100.47,10.4701,-42.9242,50
1.548,DOWN,100.427,10.4273,-42.8407,50
1.549,DOWN,100.385,10.3845,-42.7562,50
1.55,DOWN,100.342,10.3419,-42.6708,50
1.551,DOWN,100.299,10.2993,-42.5844,50
1.552,DOWN,100.257,10.2568,-42.4971,50
1.553,DOWN,100.214,10.2144,-42.409,50
1.554,DOWN,100.172,10.1721,-42.3199,50
1.555,DOWN,100.13,10.1298,-42.23,50
1.556,DOWN,100.088,10.0877,-42.1393,50
1.557,DOWN,100.046,10.0456,-42.0478,50
1.558,DOWN,100.004,10.0037,-41.9554,50
1.559,DOWN,99.9618,9.96182,-41.8622,50
1.56,DOWN,99.92,9.92005,-41.7683,50
1.561,DOWN,99.8784,9.87837,-41.6736,50
1.562,DOWN,99.8368,9.8368,-41.5782,50
1.563,DOWN,99.7953,9.79531,-41.482,50
1.564,DOWN,99.7539,9.75393,-41.3851,50
1.565,DOWN,99.7126,9.71264,-41.2876,50
1.566,DOWN,99.6715,9.67145,-41.1893,50
1.567,DOWN,99.6304,9.63036,-41.0904,50
1.568,DOWN,99.5894,9.58937,-40.9908,50
1.569,DOWN,99.5485,9.54848,-40.8906,50
1.57,DOWN,99.5077,9.50769,-40.7897,50
1.571,DOWN,99.467,9.467,-40.6882,50
1.572,DOWN,99.4264,9.42642,-40.5862,50
1.573,DOWN,99.3859,9.38593,-40.4835,50
1.574,DOWN,99.3456,9.34555,-40.3803,50
1.575,DOWN,99.3053,9.30528,-40.2765,50
1.576,DOWN,99.2651,9.2651,-40.1722,50
1.577,DOWN,99.225,9.22504,-40.0673,50
1.578,DOWN,99.1851,9.18507,-39.9619,50
1.579,DOWN,99.1452,9.14522,-39.856,50
1.58,DOWN,99.1055,9.10547,-39.7496,50
1.581,DOWN,99.0658,9.06583,-39.6428,50
1.582,DOWN,99.0263,9.02629,-39.5354,50
1.583,DOWN,98.9869,8.98686,-39.4276,50
1.584,DOWN,98.9475,8.94754,-39.3194,50
1.585,DOWN,98.9083,8.90833,-39.2107,50
1.586,DOWN,98.8692,8.86923,-39.1016,50
1.587,DOWN,98.8302,8.83024,-38.9921,50
1.588,DOWN,98.7914,8.79136,-38.8821,50
1.589,DOWN,98.7526,8.75259,-38.7718,50
1.59,DOWN,98.7139,8.71392,-38.6611,50
1.591,DOWN,98.6754,8.67537,-38.5501,50
1.592,DOWN,98.6369,8.63694,-38.4387,50
1.593,DOWN,98.5986,8.59861,-38.3269,50
1.594,DOWN,98.5604,8.56039,-38.2148,50
1.595,DOWN,98.5223,8.52229,-38.1024,50
1.596,DOWN,98.4843,8.4843,-37.9897,50
1.597,DOWN,98.4464,8.44642,-37.8766,50
1.598,DOWN,98.4087,8.40866,-37.7633,50
1.599,DOWN,98.371,8.37101,-37.6497,50
1.6,DOWN,98.3335,8.33348,-37.5358,50
1.601,DOWN,98.2961,8.29605,-37.4216,50
1.602,DOWN,98.2587,8.25875,-37.3072,50
1.603,DOWN,98.2216,8.22155,-37.1925,50
1.604,DOWN,98.1845,8.18448,-37.0776,50
1.605,DOWN,98.1475,8.14751,-36.9625,50
1.606,DOWN,98.1107,8.11067,-36.8471,50
1.607,DOWN,98.0739,8.07394,-36.7316,50
1.608,DOWN,98.0373,8.03732,-36.6158,50
1.609,DOWN,98.0008,8.00082,-36.4999,50
1.61,DOWN,97.9644,7.96444,-36.3837,50
1.611,DOWN,97.9282,7.92817,-36.2674,50
1.612,DOWN,97.892,7.89202,-36.1509,50
1.613,DOWN,97.856,7.85598,-36.0342,50
1.614,DOWN,97.8201,7.82007,-35.9174,50
1.615,DOWN,97.7843,7.78427,-35.8005,50
1.616,DOWN,97.7486,7.74858,-35.6834,50
1.617,DOWN,97.713,7.71302,-35.5662,50
1.618,DOWN,97.6776,7.67757,-35.4489,50
1.619,DOWN,97.6422,7.64224,-35.3314,50
1.62,DOWN,97.607,7.60702,-35.2139,50
1.621,DOWN,97.5719,7.57193,-35.0962,50
1.622,DOWN,97.5369,7.53695,-34.9785,50
1.623,DOWN,97.5021,7.50209,-34.8607,50
1.624,DOWN,97.4673,7.46734,-34.7428,50
1.625,DOWN,97.4327,7.43272,-34.6248,50
1.626,DOWN,97.3982,7.39821,-34.5068,50
1.627,DOWN,97.3638,7.36382,-34.3887,50
1.628,DOWN,97.3296,7.32955,-34.2705,50
1.629,DOWN,97.2954,7.2954,-34.1524,50
1.63,DOWN,97.2614,7.26137,-34.0341,50
1.631,DOWN,97.2275,7.22745,-33.9159,50
1.632,DOWN,97.1937,7.19365,-33.7976,50
1.633,DOWN,97.16,7.15997,-33.6793,50
1.634,DOWN,97.1264,7.12641,-33.561,50
1.635,DOWN,97.093,7.09297,-33.4427,50
1.636,DOWN,97.0596,7.05965,-33.3244,50
1.637,DOWN,97.0264,7.02644,-33.2061,50
1.638,DOWN,96.9934,6.99335,-33.0879,50
1.639,DOWN,96.9604,6.96038,-32.9696,50
1.64,DOWN,96.9275,6.92753,-32.8513,50
1.641,DOWN,96.8948,6.8948,-32.7331,50
1.642,DOWN,96.8622,6.86218,-32.615,50
1.643,DOWN,96.8297,6.82969,-32.4968,50
1.644,DOWN,96.7973,6.79731,-32.3787,50
1.645,DOWN,96.765,6.76505,-32.2607,50
1.646,DOWN,96.7329,6.7329,-32.1427,50
1.647,DOWN,96.7009,6.70088,-32.0248,50
1.648,DOWN,96.669,6.66897,-31.9069,50
1.649,DOWN,96.6372,6.63718,-31.7891,50
1.65,DOWN,96.6055,6.60551,-31.6714,50
1.651,DOWN,96.574,6.57396,-31.5538,50
1.652,DOWN,96.5425,6.54252,-31.4363,50
1.653,DOWN,96.5112,6.5112,-31.3188,50
1.654,DOWN,96.48,6.48,-31.2015,50
1.655,DOWN,96.4489,6.44892,-31.0842,50
1.656,DOWN,96.4179,6.41795,-30.9671,50
1.657,DOWN,96.3871,6.3871,-30.85,50
1.658,DOWN,96.3564,6.35637,-30.7331,50
1.659,DOWN,96.3258,6.32575,-30.6163,50
1.66,DOWN,96.2953,6.29525,-30.4996,50
1.661,DOWN,96.2649,6.26487,-30.383,50
1.662,DOWN,96.2346,6.2346,-30.2666,50
1.663,DOWN,96.2045,6.20445,-30.1503,50
1.664,DOWN,96.1744,6.17442,-30.0341,50
1.665,DOWN,96.1445,6.1445,-29.9181,50
1.666,DOWN,96.1147,6.1147,-29.8022,50
1.667,DOWN,96.085,6.08501,-29.6865,50
1.668,DOWN,96.0554,6.05544,-29.5709,50
1.669,DOWN,96.026,6.02598,-29.4555,50
1.67,DOWN,95.9966,5.99664,-29.3402,50
1.671,DOWN,95.9674,5.96742,-29.2251,50
1.672,DOWN,95.9383,5.93831,-29.1102,50
1.673,DOWN,95.9093,5.90931,-28.9954,50
1.674,DOWN,95.8804,5.88043,-28.8808,50
1.675,DOWN,95.8517,5.85167,-28.7664,50
1.676,DOWN,95.823,5.82301,-28.6522,50
1.677,DOWN,95.7945,5.79448,-28.5381,50
1.678,DOWN,95.7661,5.76605,-28.4242,50
1.679,DOWN,95.7377,5.73774,-28.3106,50
1.68,DOWN,95.7095,5.70954,-28.1971,50
1.681,DOWN,95.6815,5.68146,-28.0838,50
1.682,DOWN,95.6535,5.65349,-27.9707,50
1.683,DOWN,95.6256,5.62563,-27.8578,50
1.684,DOWN,95.5979,5.59789,-27.7451,50
1.685,DOWN,95.5703,5.57025,-27.6326,50
1.686,DOWN,95.5427,5.54273,-27.5204,50
1.687,DOWN,95.5153,5.51532,-27.4083,50
1.688,DOWN,95.488,5.48803,-27.2965,50
1.689,DOWN,95.4608,5.46084,-27.1848,50
1.69,DOWN,95.4338,5.43377,-27.0734,50
1.691,DOWN,95.4068,5.40681,-26.9622,50
1.692,DOWN,95.38,5.37996,-26.8513,50
1.693,DOWN,95.3532,5.35322,-26.7405,50
1.694,DOWN,95.3266,5.32659,-26.63,50
1.695,DOWN,95.3001,5.30007,-26.5198,50
1.696,DOWN,95.2737,5.27366,-26.4097,50
1.697,DOWN,95.2474,5.24736,-26.2999,50
1.698,DOWN,95.2212,5.22117,-26.1903,50
1.699,DOWN,95.1951,5.19509,-26.081,50
1.7,DOWN,95.1691,5.16911,-25.9719,50
1.701,DOWN,95.1433,5.14325,-25.8631,50
1.702,DOWN,95.1175,5.1175,-25.7545,50
1.703,DOWN,95.0918,5.09185,-25.6461,50
1.704,DOWN,95.0663,5.06631,-25.538,50
1.705,DOWN,95.0409,5.04088,-25.4302,50
1.706,DOWN,95.0156,5.01556,-25.3226,50
1.707,DOWN,94.9903,4.99034,-25.2153,50
1.708,DOWN,94.9652,4.96524,-25.1082,50
1.709,DOWN,94.9402,4.94023,-25.0014,50
1.71,DOWN,94.9153,4.91534,-24.8948,50
1.711,DOWN,94.8906,4.89055,-24.7885,50
1.712,DOWN,94.8659,4.86587,-24.6825,50
1.713,DOWN,94.8413,4.84129,-24.5767,50
1.714,DOWN,94.8168,4.81682,-24.4712,50
1.715,DOWN,94.7925,4.79245,-24.366,50
1.716,DOWN,94.7682,4.76819,-24.261,50
1.717,DOWN,94.744,4.74404,-24.1563,50
1.718,DOWN,94.72,4.71999,-24.0519,50
1.719,DOWN,94.696,4.69604,-23.9477,50
1.72,DOWN,94.6722,4.67219,-23.8439,50
1.721,DOWN,94.6485,4.64845,-23.7403,50
1.722,DOWN,94.6248,4.62482,-23.637,50
1.723,DOWN,94.6013,4.60128,-23.5339,50
1.724,DOWN,94.5779,4.57785,-23.4312,50
1.725,DOWN,94.5545,4.55452,-23.3287,50
1.726,DOWN,94.5313,4.5313,-23.2265,50
1.727,DOWN,94.5082,4.50817,-23.1246,50
1.728,DOWN,94.4851,4.48515,-23.023,50
1.729,DOWN,94.4622,4.46223,-22.9216,50
1.73,DOWN,94.4394,4.43941,-22.8206,50
1.731,DOWN,94.4167,4.41669,-22.7198,50
1.732,DOWN,94.3941,4.39407,-22.6193,50
1.733,DOWN,94.3715,4.37155,-22.5192,50
1.734,DOWN,94.3491,4.34913,-22.4193,50
1.735,DOWN,94.3268,4.32681,-22.3197,50
1.736,DOWN,94.3046,4.30459,-22.2204,50
1.737,DOWN,94.2825,4.28247,-22.1214,50
1.738,DOWN,94.2604,4.26044,-22.0226,50
1.739,DOWN,94.2385,4.23852,-21.9242,50
1.74,DOWN,94.2167,4.21669,-21.8261,50
1.741,DOWN,94.195,4.19497,-21.7282,50
1.742,DOWN,94.1733,4.17334,-21.6307,50
1.743,DOWN,94.1518,4.1518,-21.5335,50
1.744,DOWN,94.1304,4.13037,-21.4365,50
1.745,DOWN,94.109,4.10903,-21.3399,50
1.746,DOWN,94.0878,4.08778,-21.2436,50
1.747,DOWN,94.0666,4.06663,-21.1475,50
1.748,DOWN,94.0456,4.04558,-21.0518,50
1.749,DOWN,94.0246,4.02463,-20.9563,50
1.75,DOWN,94.0038,4.00377,-20.8612,50
1.751,DOWN,93.983,3.983,-20.7664,50
1.752,DOWN,93.9623,3.96233,-20.6718,50
1.753,DOWN,93.9417,3.94175,-20.5776,50
1.754,DOWN,93.9213,3.92127,-20.4837,50
1.755,DOWN,93.9009,3.90088,-20.3901,50
1.756,DOWN,93.8806,3.88058,-20.2967,50
1.757,DOWN,93.8604,3.86038,-20.2037,50
1.758,DOWN,93.8403,3.84026,-20.111,50
1.759,DOWN,93.8202,3.82025,-20.0186,50
1.76,DOWN,93.8003,3.80032,-19.9265,50
1.761,DOWN,93.7805,3.78048,-19.8348,50
1.762,DOWN,93.7607,3.76074,-19.7433,50
1.763,DOWN,93.7411,3.74109,-19.6521,50
1.764,DOWN,93.7215,3.72153,-19.5612,50
1.765,DOWN,93.7021,3.70206,-19.4707,50
1.766,DOWN,93.6827,3.68268,-19.3804,50
1.767,DOWN,93.6634,3.66339,-19.2905,50
1.768,DOWN,93.6442,3.64419,-19.2008,50
1.769,DOWN,93.6251,3.62507,-19.1115,50
1.77,DOWN,93.6061,3.60605,-19.0225,50
1.771,DOWN,93.5871,3.58712,-18.9338,50
1.772,DOWN,93.5683,3.56827,-18.8453,50
1.773,DOWN,93.5495,3.54951,-18.7572,50
1.774,DOWN,93.5308,3.53085,-18.6695,50
1.775,DOWN,93.5123,3.51226,-18.582,50
1.776,DOWN,93.4938,3.49377,-18.4948,50
1.777,DOWN,93.4754,3.47536,-18.4079,50
1.778,DOWN,93.457,3.45704,-18.3214,50
1.779,DOWN,93.4388,3.4388,-18.2351,50
1.78,DOWN,93.4207,3.42066,-18.1492,50
1.781,DOWN,93.4026,3.40259,-18.0635,50
1.782,DOWN,93.3846,3.38461,-17.9782,50
1.783,DOWN,93.3667,3.36672,-17.8932,50
1.784,DOWN,93.3489,3.34891,-17.8085,50
1.785,DOWN,93.3312,3.33119,-17.7241,50
1.786,DOWN,93.3135,3.31355,-17.64,50
1.787,DOWN,93.296,3.29599,-17.5562,50
1.788,DOWN,93.2785,3.27852,-17.4727,50
1.789,DOWN,93.2611,3.26113,-17.3895,50
1.79,DOWN,93.2438,3.24382,-17.3067,50
1.791,DOWN,93.2266,3.2266,-17.2241,50
1.792,DOWN,93.2095,3.20946,-17.1418,50
1.793,DOWN,93.1924,3.1924,-17.0599,50
1.794,DOWN,93.1754,3.17542,-16.9783,50
1.795,DOWN,93.1585,3.15852,-16.8969,50
1.796,DOWN,93.1417,3.14171,-16.8159,50
1.797,DOWN,93.125,3.12497,-16.7352,50
1.798,DOWN,93.1083,3.10832,-16.6547,50
1.799,DOWN,93.0917,3.09174,-16.5746,50
1.8,DOWN,93.0752,3.07525,-16.4948,50
1.801,DOWN,93.0588,3.05883,-16.4153,50
1.802,DOWN,93.0425,3.0425,-16.3361,50
1.803,DOWN,93.0262,3.02624,-16.2572,50
1.804,DOWN,93.0101,3.01006,-16.1786,50
1.805,DOWN,92.994,2.99396,-16.1003,50
1.806,DOWN,92.9779,2.97794,-16.0223,50
1.807,DOWN,92.962,2.96199,-15.9446,50
1.808,DOWN,92.9461,2.94612,-15.8672,50
1.809,DOWN,92.9303,2.93033,-15.7901,50
1.81,DOWN,92.9146,2.91462,-15.7133,50
1.811,DOWN,92.899,2.89898,-15.6368,50
1.812,DOWN,92.8834,2.88342,-15.5607,50
1.813,DOWN,92.8679,2.86794,-15.4848,50
1.814,DOWN,92.8525,2.85253,-15.4092,50
1.815,DOWN,92.8372,2.8372,-15.3339,50
1.816,DOWN,92.8219,2.82194,-15.2589,50
1.817,DOWN,92.8068,2.80675,-15.1842,50
1.818,DOWN,92.7916,2.79164,-15.1098,50
1.819,DOWN,92.7766,2.77661,-15.0357,50
1.82,DOWN,92.7616,2.76165,-14.9619,50
1.821,DOWN,92.7468,2.74676,-14.8884,50
1.822,DOWN,92.7319,2.73194,-14.8152,50
1.823,DOWN,92.7172,2.7172,-14.7422,50
1.824,DOWN,92.7025,2.70253,-14.6696,50
1.825,DOWN,92.6879,2.68793,-14.5973,50
1.826,DOWN,92.6734,2.67341,-14.5252,50
1.827,DOWN,92.659,2.65895,-14.4535,50
1.828,DOWN,92.6446,2.64457,-14.382,50
1.829,DOWN,92.6303,2.63026,-14.3109,50
1.83,DOWN,92.616,2.61602,-14.24,50
1.831,DOWN,92.6019,2.60185,-14.1694,50
1.832,DOWN,92.5878,2.58775,-14.0991,50
1.833,DOWN,92.5737,2.57372,-14.0291,50
1.834,DOWN,92.5598,2.55976,-13.9594,50
1.835,DOWN,92.5459,2.54587,-13.89,50
1.836,DOWN,92.5321,2.53205,-13.8208,50
1.837,DOWN,92.5183,2.5183,-13.752,50
1.838,DOWN,92.5046,2.50462,-13.6834,50
1.839,DOWN,92.491,2.491,-13.6151,50
1.84,DOWN,92.4775,2.47746,-13.5471,50
1.841,DOWN,92.464,2.46398,-13.4794,50
1.842,DOWN,92.4506,2.45056,-13.412,50
1.843,DOWN,92.4372,2.43722,-13.3448,50
1.844,DOWN,92.4239,2.42394,-13.278,50
1.845,DOWN,92.4107,2.41073,-13.2114,50
1.846,DOWN,92.3976,2.39759,-13.1451,50
1.847,DOWN,92.3845,2.38451,-13.0791,50
1.848,DOWN,92.3715,2.37149,-13.0133,50
1.849,DOWN,92.3585,2.35854,-12.9479,50
1.85,DOWN,92.3457,2.34566,-12.8827,50
1.851,DOWN,92.3328,2.33284,-12.8178,50
1.852,DOWN,92.3201,2.32009,-12.7532,50
1.853,DOWN,92.3074,2.3074,-12.6888,50
1.854,DOWN,92.2948,2.29478,-12.6247,50
1.855,DOWN,92.2822,2.28222,-12.5609,50
1.856,DOWN,92.2697,2.26972,-12.4974,50
1.857,DOWN,92.2573,2.25729,-12.4341,50
1.858,DOWN,92.2449,2.24491,-12.3712,50
1.859,DOWN,92.2326,2.23261,-12.3085,50
1.86,DOWN,92.2204,2.22036,-12.246,50
1.861,DOWN,92.2082,2.20818,-12.1839,50
1.862,DOWN,92.1961,2.19605,-12.122,50
1.863,DOWN,92.184,2.18399,-12.0603,50
1.864,DOWN,92.172,2.17199,-11.999,50
1.865,DOWN,92.1601,2.16006,-11.9379,50
1.866,DOWN,92.1482,2.14818,-11.8771,50
1.867,DOWN,92.1364,2.13636,-11.8165,50
1.868,DOWN,92.1246,2.12461,-11.7562,50
1.869,DOWN,92.1129,2.11291,-11.6962,50
1.87,DOWN,92.1013,2.10127,-11.6364,50
1.871,DOWN,92.0897,2.0897,-11.5769,50
1.872,DOWN,92.0782,2.07818,-11.5177,50
1.873,DOWN,92.0667,2.06672,-11.4587,50
1.874,DOWN,92.0553,2.05532,-11.4,50
1.875,DOWN,92.044,2.04398,-11.3415,50
1.876,DOWN,92.0327,2.0327,-11.2833,50
1.877,DOWN,92.0215,2.02147,-11.2254,50
1.878,DOWN,92.0103,2.0103,-11.1677,50
1.879,DOWN,91.9992,1.99919,-11.1103,50
1.88,DOWN,91.9881,1.98814,-11.0531,50
1.881,DOWN,91.9771,1.97714,-10.9962,50
1.882,DOWN,91.9662,1.9662,-10.9396,50
1.883,DOWN,91.9553,1.95532,-10.8832,50
1.884,DOWN,91.9445,1.94449,-10.827,50
1.885,DOWN,91.9337,1.93372,-10.7711,50
1.886,DOWN,91.923,1.92301,-10.7155,50
1.887,DOWN,91.9123,1.91235,-10.6601,50
1.888,DOWN,91.9017,1.90174,-10.605,50
1.889,DOWN,91.8912,1.89119,-10.5501,50
1.89,DOWN,91.8807,1.8807,-10.4954,50
1.891,DOWN,91.8703,1.87026,-10.441,50
1.892,DOWN,91.8599,1.85987,-10.3869,50
1.893,DOWN,91.8495,1.84954,-10.333,50
1.894,DOWN,91.8393,1.83926,-10.2793,50
1.895,DOWN,91.829,1.82903,-10.2259,50
1.896,DOWN,91.8189,1.81886,-10.1728,50
1.897,DOWN,91.8087,1.80874,-10.1199,50
1.898,DOWN,91.7987,1.79867,-10.0672,50
1.899,DOWN,91.7887,1.78866,-10.0147,50
1.9,DOWN,91.7787,1.77869,-9.96254,50
1.901,DOWN,91.7688,1.76878,-9.91058,50
1.902,DOWN,91.7589,1.75892,-9.85886,50
1.903,DOWN,91.7491,1.74912,-9.80738,50
1.904,DOWN,91.7394,1.73936,-9.75614,50
1.905,DOWN,91.7297,1.72965,-9.70514,50
1.906,DOWN,91.72,1.72,-9.65437,50
1.907,DOWN,91.7104,1.7104,-9.60383,50
1.908,DOWN,91.7008,1.70084,-9.55354,50
1.909,DOWN,91.6913,1.69134,-9.50347,50
1.91,DOWN,91.6819,1.68189,-9.45364,50
1.911,DOWN,91.6725,1.67248,-9.40404,50
1.912,DOWN,91.6631,1.66313,-9.35467,50
1.913,DOWN,91.6538,1.65382,-9.30553,50
1.914,DOWN,91.6446,1.64457,-9.25662,50
1.915,DOWN,91.6354,1.63536,-9.20794,50
1.916,DOWN,91.6262,1.6262,-9.15949,50
1.917,DOWN,91.6171,1.61709,-9.11126,50
1.918,DOWN,91.608,1.60802,-9.06327,50
1.919,DOWN,91.599,1.59901,-9.01549,50
1.92,DOWN,91.59,1.59004,-8.96794,50
1.921,DOWN,91.5811,1.58112,-8.92062,50
1.922,DOWN,91.5722,1.57225,-8.87352,50
1.923,DOWN,91.5634,1.56342,-8.82664,50
1.924,DOWN,91.5546,1.55464,-8.77999,50
1.925,DOWN,91.5459,1.54591,-8.73355,50
1.926,DOWN,91.5372,1.53722,-8.68733,50
1.927,DOWN,91.5286,1.52858,-8.64134,50
1.928,DOWN,91.52,1.51998,-8.59556,50
1.929,DOWN,91.5114,1.51143,-8.55,50
1.93,DOWN,91.5029,1.50293,-8.50466,50
1.931,DOWN,91.4945,1.49447,-8.45953,50
1.932,DOWN,91.4861,1.48605,-8.41461,50
1.933,DOWN,91.4777,1.47768,-8.36992,50
1.934,DOWN,91.4694,1.46936,-8.32543,50
1.935,DOWN,91.4611,1.46108,-8.28116,50
1.936,DOWN,91.4528,1.45284,-8.2371,50
1.937,DOWN,91.4446,1.44465,-8.19325,50
1.938,DOWN,91.4365,1.4365,-8.14962,50
1.939,DOWN,91.4284,1.42839,-8.10619,50
1.94,DOWN,91.4203,1.42033,-8.06297,50
1.941,DOWN,91.4123,1.41231,-8.01996,50
1.942,DOWN,91.4043,1.40433,-7.97715,50
1.943,DOWN,91.3964,1.3964,-7.93456,50
1.944,DOWN,91.3885,1.3885,-7.89216,50
1.945,DOWN,91.3807,1.38065,-7.84998,50
1.946,DOWN,91.3728,1.37285,-7.80799,50
1.947,DOWN,91.3651,1.36508,-7.76621,50
1.948,DOWN,91.3574,1.35735,-7.72464,50
1.949,DOWN,91.3497,1.34967,-7.68326,50
1.95,DOWN,91.342,1.34203,-7.64209,50
1.951,DOWN,91.3344,1.33443,-7.60111,50
1.952,DOWN,91.3269,1.32687,-7.56034,50
1.953,DOWN,91.3193,1.31935,-7.51976,50
1.954,DOWN,91.3119,1.31187,-7.47939,50
1.955,DOWN,91.3044,1.30443,-7.4392,50
1.956,DOWN,91.297,1.29703,-7.39922,50
1.957,DOWN,91.2897,1.28967,-7.35943,50
1.958,DOWN,91.2824,1.28235,-7.31984,50
1.959,DOWN,91.2751,1.27507,-7.28044,50
1.96,DOWN,91.2678,1.26783,-7.24123,50
1.961,DOWN,91.2606,1.26063,-7.20221,50
1.962,DOWN,91.2535,1.25346,-7.16339,50
1.963,DOWN,91.2463,1.24634,-7.12476,50
1.964,DOWN,91.2393,1.23925,-7.08631,50
1.965,DOWN,91.2322,1.2322,-7.04806,50
1.966,DOWN,91.2252,1.22519,-7.01,50
1.967,DOWN,91.2182,1.21822,-6.97212,50
1.968,DOWN,91.2113,1.21129,-6.93443,50
1.969,DOWN,91.2044,1.20439,-6.89693,50
1.97,DOWN,91.1975,1.19753,-6.85961,50
1.971,DOWN,91.1907,1.19071,-6.82248,50
1.972,DOWN,91.1839,1.18392,-6.78553,50
1.973,DOWN,91.1772,1.17717,-6.74876,50
1.974,DOWN,91.1705,1.17046,-6.71218,50
1.975,DOWN,91.1638,1.16379,-6.67578,50
1.976,DOWN,91.1571,1.15715,-6.63956,50
1.977,DOWN,91.1505,1.15054,-6.60352,50
1.978,DOWN,91.144,1.14398,-6.56766,50
1.979,DOWN,91.1374,1.13744,-6.53197,50
1.98,DOWN,91.1309,1.13095,-6.49647,50
1.981,DOWN,91.1245,1.12449,-6.46114,50
1.982,DOWN,91.1181,1.11806,-6.42599,50
1.983,DOWN,91.1117,1.11167,-6.39102,50
1.984,DOWN,91.1053,1.10531,-6.35622,50
1.985,DOWN,91.099,1.09899,-6.3216,50
1.986,DOWN,91.0927,1.0927,-6.28714,50
1.987,DOWN,91.0865,1.08645,-6.25287,50
1.988,DOWN,91.0802,1.08023,-6.21876,50
1.989,DOWN,91.074,1.07405,-6.18482,50
1.99,DOWN,91.0679,1.0679,-6.15106,50
1.991,DOWN,91.0618,1.06178,-6.11747,50
1.992,DOWN,91.0557,1.0557,-6.08404,50
1.993,DOWN,91.0496,1.04964,-6.05078,50
1.994,DOWN,91.0436,1.04363,-6.0177,50
1.995,DOWN,91.0376,1.03764,-5.98477,50
1.996,DOWN,91.0317,1.03169,-5.95202,50
1.997,DOWN,91.0258,1.02577,-5.91943,50
1.998,DOWN,91.0199,1.01988,-5.887,50
1.999,DOWN,91.014,1.01403,-5.85474,50
2,DOWN,91.0082,1.00821,-5.82265,50
2.001,DOWN,91.0024,1.00242,-5.79071,50
2.002,DOWN,90.9967,0.996656,-5.75894,50
2.003,DOWN,90.9909,0.990929,-5.72733,50
2.004,DOWN,90.9852,0.985233,-5.69588,50
2.005,DOWN,90.9796,0.979569,-5.66459,50
2.006,DOWN,90.9739,0.973935,-5.63346,50
2.007,DOWN,90.9683,0.968333,-5.60248,50
2.008,DOWN,90.9628,0.962761,-5.57167,50
2.009,DOWN,90.9572,0.95722,-5.54101,50
2.01,DOWN,90.9517,0.951709,-5.51051,50
2.011,DOWN,90.9462,0.946229,-5.48017,50
2.012,DOWN,90.9408,0.940779,-5.44998,50
2.013,DOWN,90.9354,0.935359,-5.41994,50
2.014,DOWN,90.93,0.929969,-5.39006,50
2.015,DOWN,90.9246,0.924609,-5.36033,50
2.016,DOWN,90.9193,0.919278,-5.33076,50
2.017,DOWN,90.914,0.913977,-5.30133,50
2.018,DOWN,90.9087,0.908705,-5.27206,50
2.019,DOWN,90.9035,0.903462,-5.24294,50
2.02,DOWN,90.8982,0.898248,-5.21396,50
2.021,DOWN,90.8931,0.893063,-5.18514,50
2.022,DOWN,90.8879,0.887906,-5.15646,50
2.023,DOWN,90.8828,0.882778,-5.12793,50
2.024,DOWN,90.8777,0.877679,-5.09955,50
2.025,DOWN,90.8726,0.872607,-5.07132,50
2.026,DOWN,90.8676,0.867564,-5.04323,50
2.027,DOWN,90.8625,0.862549,-5.01529,50
2.028,DOWN,90.8576,0.857561,-4.98749,50
2.029,DOWN,90.8526,0.852602,-4.95983,50
2.03,DOWN,90.8477,0.847669,-4.93232,50
2.031,DOWN,90.8428,0.842764,-4.90495,50
2.032,DOWN,90.8379,0.837887,-4.87772,50
2.033,DOWN,90.833,0.833036,-4.85063,50
2.034,DOWN,90.8282,0.828212,-4.82369,50
2.035,DOWN,90.8234,0.823415,-4.79688,50
2.036,DOWN,90.8186,0.818645,-4.77021,50
2.037,DOWN,90.8139,0.813902,-4.74368,50
2.038,DOWN,90.8092,0.809184,-4.71729,50
2.039,DOWN,90.8045,0.804493,-4.69104,50
2.04,DOWN,90.7998,0.799828,-4.66492,50
2.041,DOWN,90.7952,0.795189,-4.63894,50
2.042,DOWN,90.7906,0.790576,-4.6131,50
2.043,DOWN,90.786,0.785989,-4.58739,50
2.044,DOWN,90.7814,0.781427,-4.56181,50
2.045,DOWN,90.7769,0.776891,-4.53637,50
2.046,DOWN,90.7724,0.77238,-4.51106,50
2.047,DOWN,90.7679,0.767894,-4.48588,50
2.048,DOWN,90.7634,0.763433,-4.46084,50
2.049,DOWN,90.759,0.758997,-4.43592,50
2.05,DOWN,90.7546,0.754586,-4.41114,50
2.051,DOWN,90.7502,0.750199,-4.38649,50
2.052,DOWN,90.7458,0.745837,-4.36196,50
2.053,DOWN,90.7415,0.7415,-4.33757,50
2.054,DOWN,90.7372,0.737187,-4.3133,50
2.055,DOWN,90.7329,0.732897,-4.28916,50
2.056,DOWN,90.7286,0.728632,-4.26515,50
2.057,DOWN,90.7244,0.724391,-4.24126,50
2.058,DOWN,90.7202,0.720173,-4.2175,50
2.059,DOWN,90.716,0.71598,-4.19386,50
2.06,DOWN,90.7118,0.711809,-4.17035,50
2.061,DOWN,90.7077,0.707662,-4.14696,50
2.062,DOWN,90.7035,0.703539,-4.1237,50
2.063,DOWN,90.6994,0.699438,-4.10056,50
2.064,DOWN,90.6954,0.695361,-4.07754,50
2.065,DOWN,90.6913,0.691306,-4.05464,50
2.066,DOWN,90.6873,0.687274,-4.03187,50
2.067,DOWN,90.6833,0.683265,-4.00921,50
2.068,DOWN,90.6793,0.679278,-3.98668,50
2.069,DOWN,90.6753,0.675314,-3.96426,50
2.07,DOWN,90.6714,0.671372,-3.94196,50
2.071,DOWN,90.6675,0.667452,-3.91978,50
2.072,DOWN,90.6636,0.663554,-3.89772,50
2.073,DOWN,90.6597,0.659679,-3.87578,50
2.074,DOWN,90.6558,0.655825,-3.85395,50
2.075,DOWN,90.652,0.651992,-3.83224,50
2.076,DOWN,90.6482,0.648182,-3.81064,50
2.077,DOWN,90.6444,0.644393,-3.78916,50
2.078,DOWN,90.6406,0.640625,-3.76779,50
2.079,DOWN,90.6369,0.636878,-3.74654,50
2.08,DOWN,90.6332,0.633153,-3.7254,50
2.081,DOWN,90.6294,0.629449,-3.70437,50
2.082,DOWN,90.6258,0.625765,-3.68346,50
2.083,DOWN,90.6221,0.622102,-3.66265,50
2.084,DOWN,90.6185,0.61846,-3.64196,50
2.085,DOWN,90.6148,0.614839,-3.62138,50
2.086,DOWN,90.6112,0.611238,-3.60091,50
2.087,DOWN,90.6077,0.607658,-3.58054,50
2.088,DOWN,90.6041,0.604097,-3.56029,50
2.089,DOWN,90.6006,0.600557,-3.54014,50
2.09,DOWN,90.597,0.597037,-3.52011,50
2.091,DOWN,90.5935,0.593537,-3.50018,50
2.092,DOWN,90.5901,0.590057,-3.48035,50
2.093,DOWN,90.5866,0.586596,-3.46064,50
2.094,DOWN,90.5832,0.583155,-3.44103,50
2.095,DOWN,90.5797,0.579733,-3.42152,50
2.096,DOWN,90.5763,0.576331,-3.40212,50
2.097,DOWN,90.5729,0.572948,-3.38282,50
2.098,DOWN,90.5696,0.569585,-3.36363,50
2.099,DOWN,90.5662,0.56624,-3.34454,50
2.1,DOWN,90.5629,0.562915,-3.32555,50
2.101,DOWN,90.5596,0.559608,-3.30667,50
2.102,DOWN,90.5563,0.55632,-3.28789,50
2.103,DOWN,90.5531,0.553051,-3.2692,50
2.104,DOWN,90.5498,0.5498,-3.25062,50
2.105,DOWN,90.5466,0.546568,-3.23214,50
2.106,DOWN,90.5434,0.543354,-3.21376,50
2.107,DOWN,90.5402,0.540159,-3.19548,50
2.108,DOWN,90.537,0.536982,-3.1773,50
2.109,DOWN,90.5338,0.533822,-3.15921,50
2.11,DOWN,90.5307,0.530681,-3.14122,50
2.111,DOWN,90.5276,0.527558,-3.12334,50
2.112,DOWN,90.5245,0.524452,-3.10554,50
2.113,DOWN,90.5214,0.521364,-3.08785,50
2.114,DOWN,90.5183,0.518294,-3.07025,50
2.115,DOWN,90.5152,0.515241,-3.05274,50
2.116,DOWN,90.5122,0.512206,-3.03533,50
2.117,DOWN,90.5092,0.509188,-3.01801,50
2.118,DOWN,90.5062,0.506187,-3.00079,50
2.119,DOWN,90.5032,0.503204,-2.98366,50
2.12,DOWN,90.5002,0.500237,-2.96663,50
2.121,DOWN,90.4973,0.497287,-2.94969,50
2.122,DOWN,90.4944,0.494355,-2.93284,50
2.123,DOWN,90.4914,0.491438,-2.91608,50
2.124,DOWN,90.4885,0.488539,-2.89941,50
2.125,DOWN,90.4857,0.485656,-2.88283,50
2.126,DOWN,90.4828,0.48279,-2.86635,50
2.127,DOWN,90.4799,0.47994,-2.84995,50
2.128,DOWN,90.4771,0.477106,-2.83364,50
2.129,DOWN,90.4743,0.474289,-2.81742,50
2.13,DOWN,90.4715,0.471488,-2.80129,50
2.131,DOWN,90.4687,0.468702,-2.78525,50
2.132,DOWN,90.4659,0.465933,-2.7693,50
2.133,DOWN,90.4632,0.46318,-2.75343,50
2.134,DOWN,90.4604,0.460442,-2.73765,50
2.135,DOWN,90.4577,0.45772,-2.72196,50
2.136,DOWN,90.455,0.455014,-2.70635,50
2.137,DOWN,90.4523,0.452323,-2.69082,50
2.138,DOWN,90.4496,0.449647,-2.67539,50
2.139,DOWN,90.447,0.446987,-2.66003,50
2.14,DOWN,90.4443,0.444343,-2.64476,50
2.141,DOWN,90.4417,0.441713,-2.62958,50
2.142,DOWN,90.4391,0.439099,-2.61448,50
2.143,DOWN,90.4365,0.436499,-2.59946,50
2.144,DOWN,90.4339,0.433915,-2.58452,50
2.145,DOWN,90.4313,0.431345,-2.56967,50
2.146,DOWN,90.4288,0.42879,-2.55489,50
2.147,DOWN,90.4262,0.42625,-2.5402,50
2.148,DOWN,90.4237,0.423724,-2.52559,50
2.149,DOWN,90.4212,0.421213,-2.51106,50
2.15,DOWN,90.4187,0.418717,-2.49661,50
2.151,DOWN,90.4162,0.416234,-2.48224,50
2.152,DOWN,90.4138,0.413766,-2.46794,50
2.153,DOWN,90.4113,0.411313,-2.45373,50
2.154,DOWN,90.4089,0.408873,-2.43959,50
2.155,DOWN,90.4064,0.406448,-2.42554,50
2.156,DOWN,90.404,0.404036,-2.41156,50
2.157,DOWN,90.4016,0.401638,-2.39765,50
2.158,DOWN,90.3993,0.399255,-2.38383,50
2.159,DOWN,90.3969,0.396884,-2.37008,50
2.16,DOWN,90.3945,0.394528,-2.3564,50
2.161,DOWN,90.3922,0.392185,-2.34281,50
2.162,DOWN,90.3899,0.389856,-2.32928,50
2.163,DOWN,90.3875,0.38754,-2.31583,50
2.164,DOWN,90.3852,0.385238,-2.30246,50
2.165,DOWN,90.3829,0.382948,-2.28916,50
2.166,DOWN,90.3807,0.380673,-2.27593,50
2.167,DOWN,90.3784,0.37841,-2.26278,50
2.168,DOWN,90.3762,0.37616,-2.2497,50
2.169,DOWN,90.3739,0.373923,-2.23669,50
2.17,DOWN,90.3717,0.3717,-2.22376,50
2.171,DOWN,90.3695,0.369489,-2.2109,50
2.172,DOWN,90.3673,0.367291,-2.1981,50
2.173,DOWN,90.3651,0.365105,-2.18538,50
2.174,DOWN,90.3629,0.362932,-2.17273,50
2.175,DOWN,90.3608,0.360772,-2.16015,50
2.176,DOWN,90.3586,0.358625,-2.14764,50
2.177,DOWN,90.3565,0.35649,-2.1352,50
2.178,DOWN,90.3544,0.354367,-2.12283,50
2.179,DOWN,90.3523,0.352256,-2.11052,50
2.18,DOWN,90.3502,0.350158,-2.09829,50
2.181,DOWN,90.3481,0.348072,-2.08612,50
2.182,DOWN,90.346,0.345998,-2.07402,50
2.183,DOWN,90.3439,0.343936,-2.06199,50
2.184,DOWN,90.3419,0.341886,-2.05003,50
2.185,DOWN,90.3398,0.339848,-2.03813,50
2.186,DOWN,90.3378,0.337821,-2.0263,50
2.187,DOWN,90.3358,0.335807,-2.01454,50
2.188,DOWN,90.3338,0.333804,-2.00284,50
2.189,DOWN,90.3318,0.331813,-1.9912,50
2.19,DOWN,90.3298,0.329833,-1.97963,50
2.191,DOWN,90.3279,0.327865,-1.96813,50
2.192,DOWN,90.3259,0.325908,-1.95669,50
2.193,DOWN,90.324,0.323963,-1.94531,50
2.194,DOWN,90.322,0.322029,-1.934,50
2.195,DOWN,90.3201,0.320106,-1.92275,50
2.196,DOWN,90.3182,0.318195,-1.91156,50
2.197,DOWN,90.3163,0.316294,-1.90044,50
2.198,DOWN,90.3144,0.314405,-1.88938,50
2.199,DOWN,90.3125,0.312526,-1.87838,50
2.2,DOWN,90.3107,0.310659,-1.86744,50
2.201,DOWN,90.3088,0.308802,-1.85656,50
2.202,DOWN,90.307,0.306957,-1.84575,50
2.203,DOWN,90.3051,0.305122,-1.83499,50
2.204,DOWN,90.3033,0.303297,-1.8243,50
2.205,DOWN,90.3015,0.301484,-1.81366,50
2.206,DOWN,90.2997,0.299681,-1.80309,50
2.207,DOWN,90.2979,0.297888,-1.79257,50
2.208,DOWN,90.2961,0.296106,-1.78212,50
2.209,DOWN,90.2943,0.294334,-1.77172,50
2.21,DOWN,90.2926,0.292573,-1.76138,50
2.211,DOWN,90.2908,0.290822,-1.7511,50
2.212,DOWN,90.2891,0.289081,-1.74088,50
2.213,DOWN,90.2874,0.28735,-1.73071,50
2.214,DOWN,90.2856,0.28563,-1.7206,50
2.215,DOWN,90.2839,0.283919,-1.71055,50
2.216,DOWN,90.2822,0.282218,-1.70055,50
2.217,DOWN,90.2805,0.280528,-1.69062,50
2.218,DOWN,90.2788,0.278847,-1.68073,50
2.219,DOWN,90.2772,0.277176,-1.67091,50
2.22,DOWN,90.2755,0.275515,-1.66114,50
2.221,DOWN,90.2739,0.273864,-1.65142,50
2.222,DOWN,90.2722,0.272222,-1.64176,50
2.223,DOWN,90.2706,0.27059,-1.63215,50
2.224,DOWN,90.269,0.268967,-1.6226,50
2.225,DOWN,90.2674,0.267354,-1.6131,50
2.226,DOWN,90.2658,0.26575,-1.60365,50
2.227,DOWN,90.2642,0.264156,-1.59426,50
2.228,DOWN,90.2626,0.262571,-1.58492,50
2.229,DOWN,90.261,0.260996,-1.57564,50
2.23,DOWN,90.2594,0.259429,-1.56641,50
2.231,DOWN,90.2579,0.257872,-1.55723,50
2.232,DOWN,90.2563,0.256324,-1.5481,50
2.233,DOWN,90.2548,0.254785,-1.53902,50
2.234,DOWN,90.2533,0.253255,-1.52999,50
2.235,DOWN,90.2517,0.251734,-1.52102,50
2.236,DOWN,90.2502,0.250222,-1.51209,50
2.237,DOWN,90.2487,0.248718,-1.50322,50
2.238,DOWN,90.2472,0.247224,-1.4944,50
2.239,DOWN,90.2457,0.245738,-1.48563,50
2.24,DOWN,90.2443,0.244262,-1.4769,50
2.241,DOWN,90.2428,0.242793,-1.46823,50
2.242,DOWN,90.2413,0.241334,-1.45961,50
2.243,DOWN,90.2399,0.239883,-1.45103,50
2.244,DOWN,90.2384,0.23844,-1.4425,50
2.245,DOWN,90.237,0.237006,-1.43403,50
2.246,DOWN,90.2356,0.235581,-1.4256,50
2.247,DOWN,90.2342,0.234163,-1.41721,50
2.248,DOWN,90.2328,0.232754,-1.40888,50
2.249,DOWN,90.2314,0.231354,-1.40059,50
2.25,DOWN,90.23,0.229962,-1.39235,50
2.251,DOWN,90.2286,0.228577,-1.38416,50
2.252,DOWN,90.2272,0.227201,-1.37601,50
2.253,DOWN,90.2258,0.225833,-1.36791,50
2.254,DOWN,90.2245,0.224474,-1.35986,50
2.255,DOWN,90.2231,0.223122,-1.35185,50
2.256,DOWN,90.2218,0.221778,-1.34389,50
2.257,DOWN,90.2204,0.220442,-1.33597,50
2.258,DOWN,90.2191,0.219114,-1.3281,50
2.259,DOWN,90.2178,0.217793,-1.32028,50
2.26,DOWN,90.2165,0.216481,-1.31249,50
2.261,DOWN,90.2152,0.215176,-1.30476,50
2.262,DOWN,90.2139,0.213879,-1.29706,50
2.263,DOWN,90.2126,0.21259,-1.28941,50
2.264,DOWN,90.2113,0.211308,-1.28181,50
2.265,DOWN,90.21,0.210034,-1.27425,50
2.266,DOWN,90.2088,0.208767,-1.26673,50
2.267,DOWN,90.2075,0.207508,-1.25925,50
2.268,DOWN,90.2063,0.206256,-1.25182,50
2.269,DOWN,90.205,0.205011,-1.24443,50
2.27,DOWN,90.2038,0.203774,-1.23708,50
2.271,DOWN,90.2025,0.202545,-1.22977,50
2.272,DOWN,90.2013,0.201322,-1.22251,50
2.273,DOWN,90.2001,0.200107,-1.21529,50
2.274,DOWN,90.1989,0.198899,-1.20811,50
2.275,DOWN,90.1977,0.197698,-1.20097,50
2.276,DOWN,90.1965,0.196504,-1.19387,50
2.277,DOWN,90.1953,0.195317,-1.18681,50
2.278,DOWN,90.1941,0.194137,-1.17979,50
2.279,DOWN,90.193,0.192964,-1.17281,50
2.28,DOWN,90.1918,0.191799,-1.16587,50
2.281,DOWN,90.1906,0.19064,-1.15898,50
2.282,DOWN,90.1895,0.189488,-1.15212,50
2.283,DOWN,90.1883,0.188342,-1.1453,50
2.284,DOWN,90.1872,0.187204,-1.13852,50
2.285,DOWN,90.1861,0.186072,-1.13178,50
2.286,DOWN,90.1849,0.184947,-1.12507,50
2.287,DOWN,90.1838,0.183828,-1.11841,50
2.288,DOWN,90.1827,0.182717,-1.11179,50
2.289,DOWN,90.1816,0.181611,-1.1052,50
2.29,DOWN,90.1805,0.180513,-1.09865,50
2.291,DOWN,90.1794,0.179421,-1.09214,50
2.292,DOWN,90.1783,0.178335,-1.08566,50
2.293,DOWN,90.1773,0.177256,-1.07923,50
2.294,DOWN,90.1762,0.176183,-1.07283,50
2.295,DOWN,90.1751,0.175116,-1.06646,50
2.296,DOWN,90.1741,0.174056,-1.06014,50
2.297,DOWN,90.173,0.173002,-1.05385,50
2.298,DOWN,90.172,0.171955,-1.04759,50
2.299,DOWN,90.1709,0.170914,-1.04138,50
2.3,DOWN,90.1699,0.169878,-1.0352,50
2.301,DOWN,90.1688,0.168849,-1.02905,50
2.302,DOWN,90.1678,0.167826,-1.02294,50
2.303,DOWN,90.1668,0.166809,-1.01686,50
2.304,DOWN,90.1658,0.165799,-1.01082,50
2.305,DOWN,90.1648,0.164794,-1.00482,50
2.306,DOWN,90.1638,0.163795,-0.998848,50
2.307,DOWN,90.1628,0.162802,-0.992912,50
2.308,DOWN,90.1618,0.161815,-0.98701,50
2.309,DOWN,90.1608,0.160834,-0.981142,50
2.31,DOWN,90.1599,0.159859,-0.975309,50
2.311,DOWN,90.1589,0.158889,-0.969509,50
2.312,DOWN,90.1579,0.157925,-0.963742,50
2.313,DOWN,90.157,0.156967,-0.958009,50
2.314,DOWN,90.156,0.156015,-0.952309,50
2.315,DOWN,90.1551,0.155068,-0.946642,50
2.316,DOWN,90.1541,0.154127,-0.941008,50
2.317,DOWN,90.1532,0.153192,-0.935406,50
2.318,DOWN,90.1523,0.152262,-0.929837,50
2.319,DOWN,90.1513,0.151338,-0.924301,50
2.32,DOWN,90.1504,0.150419,-0.918796,50
2.321,DOWN,90.1495,0.149506,-0.913323,50
2.322,DOWN,90.1486,0.148598,-0.907882,50
2.323,DOWN,90.1477,0.147695,-0.902473,50
2.324,DOWN,90.1468,0.146798,-0.897095,50
2.325,DOWN,90.1459,0.145907,-0.891748,50
2.326,DOWN,90.145,0.14502,-0.886432,50
2.327,DOWN,90.1441,0.144139,-0.881147,50
2.328,DOWN,90.1433,0.143263,-0.875892,50
2.329,DOWN,90.1424,0.142392,-0.870668,50
2.33,DOWN,90.1415,0.141527,-0.865475,50
2.331,DOWN,90.1407,0.140667,-0.860312,50
2.332,DOWN,90.1398,0.139811,-0.855178,50
2.333,DOWN,90.139,0.138961,-0.850075,50
2.334,DOWN,90.1381,0.138116,-0.845001,50
2.335,DOWN,90.1373,0.137276,-0.839957,50
2.336,DOWN,90.1364,0.136441,-0.834942,50
2.337,DOWN,90.1356,0.135611,-0.829956,50
2.338,DOWN,90.1348,0.134786,-0.824999,50
2.339,DOWN,90.134,0.133966,-0.820071,50
2.34,DOWN,90.1332,0.133151,-0.815172,50
2.341,DOWN,90.1323,0.132341,-0.810301,50
2.342,DOWN,90.1315,0.131535,-0.805459,50
2.343,DOWN,90.1307,0.130735,-0.800645,50
2.344,DOWN,90.1299,0.129939,-0.795859,50
2.345,DOWN,90.1291,0.129148,-0.791101,50
2.346,DOWN,90.1284,0.128362,-0.78637,50
2.347,DOWN,90.1276,0.12758,-0.781667,50
2.348,DOWN,90.1268,0.126803,-0.776992,50
2.349,DOWN,90.126,0.126031,-0.772344,50
2.35,DOWN,90.1253,0.125263,-0.767723,50
2.351,DOWN,90.1245,0.1245,-0.763128,50
2.352,DOWN,90.1237,0.123741,-0.758561,50
2.353,DOWN,90.123,0.122987,-0.754021,50
2.354,DOWN,90.1222,0.122238,-0.749506,50
2.355,DOWN,90.1215,0.121493,-0.745019,50
2.356,DOWN,90.1208,0.120752,-0.740557,50
2.357,DOWN,90.12,0.120016,-0.736122,50
2.358,DOWN,90.1193,0.119284,-0.731712,50
2.359,DOWN,90.1186,0.118557,-0.727328,50
2.36,DOWN,90.1178,0.117834,-0.72297,50
2.361,DOWN,90.1171,0.117115,-0.718638,50
2.362,DOWN,90.1164,0.116401,-0.71433,50
2.363,DOWN,90.1157,0.115691,-0.710048,50
2.364,DOWN,90.115,0.114985,-0.705791,50
2.365,DOWN,90.1143,0.114283,-0.701559,50
2.366,DOWN,90.1136,0.113586,-0.697352,50
2.367,DOWN,90.1129,0.112893,-0.693169,50
2.368,DOWN,90.1122,0.112204,-0.689011,50
2.369,DOWN,90.1115,0.111519,-0.684877,50
2.37,DOWN,90.1108,0.110838,-0.680767,50
2.371,DOWN,90.1102,0.110162,-0.676682,50
2.372,DOWN,90.1095,0.109489,-0.67262,50
2.373,DOWN,90.1088,0.10882,-0.668582,50
2.374,DOWN,90.1082,0.108156,-0.664568,50
2.375,DOWN,90.1075,0.107495,-0.660577,50
2.376,DOWN,90.1068,0.106839,-0.65661,50
2.377,DOWN,90.1062,0.106186,-0.652666,50
2.378,DOWN,90.1055,0.105537,-0.648745,50
2.379,DOWN,90.1049,0.104892,-0.644848,50
2.38,DOWN,90.1043,0.104251,-0.640973,50
2.381,DOWN,90.1036,0.103614,-0.637121,50
2.382,DOWN,90.103,0.102981,-0.633291,50
2.383,DOWN,90.1024,0.102352,-0.629484,50
2.384,DOWN,90.1017,0.101726,-0.625699,50
2.385,DOWN,90.1011,0.101104,-0.621937,50
2.386,DOWN,90.1005,0.100486,-0.618197,50
2.387,DOWN,90.0999,0.0998712,-0.614478,50
2.388,DOWN,90.0993,0.0992605,-0.610782,50
2.389,DOWN,90.0987,0.0986534,-0.607107,50
2.39,DOWN,90.098,0.0980499,-0.603454,50
2.391,DOWN,90.0975,0.0974501,-0.599822,50
2.392,DOWN,90.0969,0.0968539,-0.596212,50
2.393,DOWN,90.0963,0.0962612,-0.592623,50
2.394,DOWN,90.0957,0.0956722,-0.589055,50
2.395,DOWN,90.0951,0.0950867,-0.585508,50
2.396,DOWN,90.0945,0.0945047,-0.581982,50
2.397,DOWN,90.0939,0.0939262,-0.578477,50
2.398,DOWN,90.0934,0.0933512,-0.574992,50
2.399,DOWN,90.0928,0.0927797,-0.571528,50
2.4,DOWN,90.0922,0.0922116,-0.568085,50
2.401,DOWN,90.0916,0.091647,-0.564661,50
2.402,DOWN,90.0911,0.0910857,-0.561258,50
2.403,DOWN,90.0905,0.0905278,-0.557875,50
2.404,DOWN,90.09,0.0899733,-0.554512,50
2.405,DOWN,90.0894,0.0894221,-0.551169,50
2.406,DOWN,90.0889,0.0888743,-0.547845,50
2.407,DOWN,90.0883,0.0883298,-0.544541,50
2.408,DOWN,90.0878,0.0877885,-0.541256,50
2.409,DOWN,90.0873,0.0872505,-0.537991,50
2.41,DOWN,90.0867,0.0867158,-0.534746,50
2.411,DOWN,90.0862,0.0861842,-0.531519,50
2.412,DOWN,90.0857,0.0856559,-0.528311,50
2.413,DOWN,90.0851,0.0851308,-0.525123,50
2.414,DOWN,90.0846,0.0846089,-0.521953,50
2.415,DOWN,90.0841,0.0840901,-0.518802,50
2.416,DOWN,90.0836,0.0835744,-0.515669,50
2.417,DOWN,90.0831,0.0830618,-0.512555,50
2.418,DOWN,90.0826,0.0825524,-0.50946,50
2.419,DOWN,90.082,0.082046,-0.506383,50
2.42,DOWN,90.0815,0.0815427,-0.503324,50
2.421,DOWN,90.081,0.0810424,-0.500283,50
2.422,DOWN,90.0805,0.0805451,-0.49726,50
