Time,Desired_Q,Desired_DQ,Desired_DDQ
0,0.00012,0.12,120
0.001,0.00036,0.24,120
0.002,0.00072,0.36,120
0.003,0.0012,0.48,120
0.004,0.0018,0.6,120
0.005,0.00252,0.72,120
0.006,0.00336,0.84,120
0.007,0.00432,0.96,120
0.008,0.0054,1.08,120
0.009,0.0066,1.2,120
0.01,0.00792,1.32,120
0.011,0.00936,1.44,120
0.012,0.01092,1.56,120
0.013,0.0126,1.68,120
0.014,0.0144,1.8,120
0.015,0.01632,1.92,120
0.016,0.01836,2.04,120
0.017,0.02052,2.16,120
0.018,0.0228,2.28,120
0.019,0.0252,2.4,120
0.02,0.02772,2.52,120
0.021,0.03036,2.64,120
0.022,0.03312,2.76,120
0.023,0.036,2.88,120
0.024,0.039,3,120
0.025,0.04212,3.12,120
0.026,0.04536,3.24,120
0.027,0.04872,3.36,120
0.028,0.0522,3.48,120
0.029,0.0558,3.6,120
0.03,0.05952,3.72,120
0.031,0.06336,3.84,120
0.032,0.06732,3.96,120
0.033,0.0714,4.08,120
0.034,0.0756,4.2,120
0.035,0.07992,4.32,120
0.036,0.08436,4.44,120
0.037,0.08892,4.56,120
0.038,0.0936,4.68,120
0.039,0.0984,4.8,120
0.04,0.10332,4.92,120
0.041,0.10836,5.04,120
0.042,0.11352,5.16,120
0.043,0.1188,5.28,120
0.044,0.1242,5.4,120
0.045,0.12972,5.52,120
0.046,0.13536,5.64,120
0.047,0.14112,5.76,120
0.048,0.147,5.88,120
0.049,0.153,6,120
0.05,0.15912,6.12,120
0.051,0.16536,6.24,120
0.052,0.17172,6.36,120
0.053,0.1782,6.48,120
0.054,0.1848,6.6,120
0.055,0.19152,6.72,120
0.056,0.19836,6.84,120
0.057,0.20532,6.96,120
0.058,0.2124,7.08,120
0.059,0.2196,7.2,120
0.06,0.22692,7.32,120
0.061,0.23436,7.44,120
0.062,0.24192,7.56,120
0.063,0.2496,7.68,120
0.064,0.2574,7.8,120
0.065,0.26532,7.92,120
0.066,0.27336,8.04,120
0.067,0.28152,8.16,120
0.068,0.2898,8.28,120
0.069,0.2982,8.4,120
0.07,0.30672,8.52,120
0.071,0.31536,8.64,120
0.072,0.32412,8.76,120
0.073,0.333,8.88,120
0.074,0.342,9,120
0.075,0.35112,9.12,120
0.076,0.36036,9.24,120
0.077,0.36972,9.36,120
0.078,0.3792,9.48,120
0.079,0.3888,9.6,120
0.08,0.39852,9.72,120
0.081,0.40836,9.84,120
0.082,0.41832,9.96,120
0.083,0.4284,10.08,120
0.084,0.4386,10.2,120
0.085,0.44892,10.32,120
0.086,0.45936,10.44,120
0.087,0.46992,10.56,120
0.088,0.4806,10.68,120
0.089,0.4914,10.8,120
0.09,0.50232,10.92,120
0.091,0.51336,11.04,120
0.092,0.52452,11.16,120
0.093,0.5358,11.28,120
0.094,0.5472,11.4,120
0.095,0.55872,11.52,120
0.096,0.57036,11.64,120
0.097,0.58212,11.76,120
0.098,0.594,11.88,120
0.099,0.606,12,120
0.1,0.61812,12.12,120
0.101,0.63036,12.24,120
0.102,0.64272,12.36,120
0.103,0.6552,12.48,120
0.104,0.6678,12.6,120
0.105,0.68052,12.72,120
0.106,0.69336,12.84,120
0.107,0.70632,12.96,120
0.108,0.7194,13.08,120
0.109,0.7326,13.2,120
0.11,0.74592,13.32,120
0.111,0.75936,13.44,120
0.112,0.77292,13.56,120
0.113,0.7866,13.68,120
0.114,0.8004,13.8,120
0.115,0.81432,13.92,120
0.116,0.82836,14.04,120
0.117,0.84252,14.16,120
0.118,0.8568,14.28,120
0.119,0.8712,14.4,120
0.12,0.88572,14.52,120
0.121,0.90036,14.64,120
0.122,0.91512,14.76,120
0.123,0.93,14.88,120
0.124,0.945,15,120
0.125,0.96012,15.12,120
0.126,0.97536,15.24,120
0.127,0.99072,15.36,120
0.128,1.0062,15.48,120
0.129,1.0218,15.6,120
0.13,1.03752,15.72,120
0.131,1.05336,15.84,120
0.132,1.06932,15.96,120
0.133,1.0854,16.08,120
0.134,1.1016,16.2,120
0.135,1.11792,16.32,120
0.136,1.13436,16.44,120
0.137,1.15092,16.56,120
0.138,1.1676,16.68,120
0.139,1.1844,16.8,120
0.14,1.20132,16.92,120
0.141,1.21836,17.04,120
0.142,1.23552,17.16,120
0.143,1.2528,17.28,120
0.144,1.2702,17.4,120
0.145,1.28772,17.52,120
0.146,1.30536,17.64,120
0.147,1.32312,17.76,120
0.148,1.341,17.88,120
0.149,1.359,18,120
0.15,1.37712,18.12,120
0.151,1.39536,18.24,120
0.152,1.41372,18.36,120
0.153,1.4322,18.48,120
0.154,1.4508,18.6,120
0.155,1.46952,18.72,120
0.156,1.48836,18.84,120
0.157,1.50732,18.96,120
0.158,1.5264,19.08,120
0.159,1.5456,19.2,120
0.16,1.56492,19.32,120
0.161,1.58436,19.44,120
0.162,1.60392,19.56,120
0.163,1.6236,19.68,120
0.164,1.6434,19.8,120
0.165,1.66332,19.92,120
0.166,1.68336,20.04,120
0.167,1.70352,20.16,120
0.168,1.7238,20.28,120
0.169,1.7442,20.4,120
0.17,1.76472,20.52,120
0.171,1.78536,20.64,120
0.172,1.80612,20.76,120
0.173,1.827,20.88,120
0.174,1.848,21,120
0.175,1.86912,21.12,120
0.176,1.89036,21.24,120
0.177,1.91172,21.36,120
0.178,1.9332,21.48,120
0.179,1.9548,21.6,120
0.18,1.97652,21.72,120
0.181,1.99836,21.84,120
0.182,2.02032,21.96,120
0.183,2.0424,22.08,120
0.184,2.0646,22.2,120
0.185,2.08692,22.32,120
0.186,2.10936,22.44,120
0.187,2.13192,22.56,120
0.188,2.1546,22.68,120
0.189,2.1774,22.8,120
0.19,2.20032,22.92,120
0.191,2.22336,23.04,120
0.192,2.24652,23.16,120
0.193,2.2698,23.28,120
0.194,2.2932,23.4,120
0.195,2.31672,23.52,120
0.196,2.34036,23.64,120
0.197,2.36412,23.76,120
0.198,2.388,23.88,120
0.199,2.412,24,120
0.2,2.43612,24.12,120
0.201,2.46036,24.24,120
0.202,2.48472,24.36,120
0.203,2.5092,24.48,120
0.204,2.5338,24.6,120
0.205,2.55852,24.72,120
0.206,2.58336,24.84,120
0.207,2.60832,24.96,120
0.208,2.6334,25.08,120
0.209,2.6586,25.2,120
0.21,2.68392,25.32,120
0.211,2.70936,25.44,120
0.212,2.73492,25.56,120
0.213,2.7606,25.68,120
0.214,2.7864,25.8,120
0.215,2.81232,25.92,120
0.216,2.83836,26.04,120
0.217,2.86452,26.16,120
0.218,2.8908,26.28,120
0.219,2.9172,26.4,120
0.22,2.94372,26.52,120
0.221,2.97036,26.64,120
0.222,2.99712,26.76,120
0.223,3.024,26.88,120
0.224,3.051,27,120
0.225,3.07812,27.12,120
0.226,3.10536,27.24,120
0.227,3.13272,27.36,120
0.228,3.1602,27.48,120
0.229,3.1878,27.6,120
0.23,3.21552,27.72,120
0.231,3.24336,27.84,120
0.232,3.27132,27.96,120
0.233,3.2994,28.08,120
0.234,3.3276,28.2,120
0.235,3.35592,28.32,120
0.236,3.38436,28.44,120
0.237,3.41292,28.56,120
0.238,3.4416,28.68,120
0.239,3.4704,28.8,120
0.24,3.49932,28.92,120
0.241,3.52836,29.04,120
0.242,3.55752,29.16,120
0.243,3.5868,29.28,120
0.244,3.6162,29.4,120
0.245,3.64572,29.52,120
0.246,3.67536,29.64,120
0.247,3.70512,29.76,120
0.248,3.735,29.88,120
0.249,3.765,30,120
0.25,3.79512,30.12,120
0.251,3.82536,30.24,120
0.252,3.85572,30.36,120
0.253,3.8862,30.48,120
0.254,3.91677,30.569,89
0.255,3.94722,30.449,-120
0.256,3.97755,30.329,-120
0.257,4.00776,30.209,-120
0.258,4.03785,30.089,-120
0.259,4.06781,29.969,-120
0.26,4.09766,29.849,-120
0.261,4.12739,29.729,-120
0.262,4.157,29.609,-120
0.263,4.18649,29.489,-120
0.264,4.21586,29.369,-120
0.265,4.24511,29.249,-120
0.266,4.27424,29.129,-120
0.267,4.30325,29.009,-120
0.268,4.33214,28.889,-120
0.269,4.3609,28.769,-120
0.27,4.38955,28.649,-120
0.271,4.41808,28.529,-120
0.272,4.44649,28.409,-120
0.273,4.47478,28.289,-120
0.274,4.50295,28.169,-120
0.275,4.531,28.049,-120
0.276,4.55893,27.929,-120
0.277,4.58674,27.809,-120
0.278,4.61442,27.689,-120
0.279,4.64199,27.569,-120
0.28,4.66944,27.449,-120
0.281,4.69677,27.329,-120
0.282,4.72398,27.209,-120
0.283,4.75107,27.089,-120
0.284,4.77804,26.969,-120
0.285,4.80489,26.849,-120
0.286,4.83162,26.729,-120
0.287,4.85823,26.609,-120
0.288,4.88471,26.489,-120
0.289,4.91108,26.369,-120
0.29,4.93733,26.249,-120
0.291,4.96346,26.129,-120
0.292,4.98947,26.009,-120
0.293,5.01536,25.889,-120
0.294,5.04113,25.769,-120
0.295,5.06678,25.649,-120
0.296,5.09231,25.529,-120
0.297,5.11772,25.409,-120
0.298,5.143,25.289,-120
0.299,5.16817,25.169,-120
0.3,5.19322,25.049,-120
0.301,5.21815,24.929,-120
0.302,5.24296,24.809,-120
0.303,5.26765,24.689,-120
0.304,5.29222,24.569,-120
0.305,5.31667,24.449,-120
0.306,5.341,24.329,-120
0.307,5.36521,24.209,-120
0.308,5.38929,24.089,-120
0.309,5.41326,23.969,-120
0.31,5.43711,23.849,-120
0.311,5.46084,23.729,-120
0.312,5.48445,23.609,-120
0.313,5.50794,23.489,-120
0.314,5.53131,23.369,-120
0.315,5.55456,23.249,-120
0.316,5.57769,23.129,-120
0.317,5.6007,23.009,-120
0.318,5.62358,22.889,-120
0.319,5.64635,22.769,-120
0.32,5.669,22.649,-120
0.321,5.69153,22.529,-120
0.322,5.71394,22.409,-120
0.323,5.73623,22.289,-120
0.324,5.7584,22.169,-120
0.325,5.78045,22.049,-120
0.326,5.80238,21.929,-120
0.327,5.82419,21.809,-120
0.328,5.84587,21.689,-120
0.329,5.86744,21.569,-120
0.33,5.88889,21.449,-120
0.331,5.91022,21.329,-120
0.332,5.93143,21.209,-120
0.333,5.95252,21.089,-120
0.334,5.97349,20.969,-120
0.335,5.99434,20.849,-120
0.336,6.01507,20.729,-120
0.337,6.03568,20.609,-120
0.338,6.05616,20.489,-120
0.339,6.07653,20.369,-120
0.34,6.09678,20.249,-120
0.341,6.11691,20.129,-120
0.342,6.13692,20.009,-120
0.343,6.15681,19.889,-120
0.344,6.17658,19.769,-120
0.345,6.19623,19.649,-120
0.346,6.21576,19.529,-120
0.347,6.23517,19.409,-120
0.348,6.25445,19.289,-120
0.349,6.27362,19.169,-120
0.35,6.29267,19.049,-120
0.351,6.3116,18.929,-120
0.352,6.33041,18.809,-120
0.353,6.3491,18.689,-120
0.354,6.36767,18.569,-120
0.355,6.38612,18.449,-120
0.356,6.40445,18.329,-120
0.357,6.42266,18.209,-120
0.358,6.44074,18.089,-120
0.359,6.45871,17.969,-120
0.36,6.47656,17.849,-120
0.361,6.49429,17.729,-120
0.362,6.5119,17.609,-120
0.363,6.52939,17.489,-120
0.364,6.54676,17.369,-120
0.365,6.56403,17.2662,-102.795
0.366,6.58121,17.1799,-86.331
0.367,6.5983,17.094,-85.8994
0.368,6.61531,17.0085,-85.4699
0.369,6.63223,16.9235,-85.0425
0.37,6.64907,16.8388,-84.6173
0.371,6.66582,16.7547,-84.1942
0.372,6.6825,16.6709,-83.7733
0.373,6.69908,16.5875,-83.3544
0.374,6.71559,16.5046,-82.9376
0.375,6.73201,16.4221,-82.5229
0.376,6.74835,16.34,-82.1103
0.377,6.76461,16.2583,-81.6998
0.378,6.78078,16.177,-81.2913
0.379,6.79688,16.0961,-80.8848
0.38,6.8129,16.0156,-80.4804
0.381,6.82883,15.9355,-80.078
0.382,6.84469,15.8558,-79.6776
0.383,6.86046,15.7766,-79.2792
0.384,6.87616,15.6977,-78.8828
0.385,6.89178,15.6192,-78.4884
0.386,6.90732,15.5411,-78.0959
0.387,6.92279,15.4634,-77.7055
0.388,6.93817,15.3861,-77.3169
0.389,6.95348,15.3091,-76.9304
0.39,6.96871,15.2326,-76.5457
0.391,6.98387,15.1564,-76.163
0.392,6.99895,15.0807,-75.7822
0.393,7.01396,15.0052,-75.4033
0.394,7.02889,14.9302,-75.0262
0.395,7.04374,14.8556,-74.6511
0.396,7.05852,14.7813,-74.2778
0.397,7.07323,14.7074,-73.9065
0.398,7.08786,14.6338,-73.5369
0.399,7.10242,14.5607,-73.1692
0.4,7.11691,14.4879,-72.8034
0.401,7.13133,14.4154,-72.4394
0.402,7.14567,14.3434,-72.0772
0.403,7.15994,14.2716,-71.7168
0.404,7.17414,14.2003,-71.3582
0.405,7.18827,14.1293,-71.0014
0.406,7.20233,14.0586,-70.6464
0.407,7.21632,13.9883,-70.2932
0.408,7.23024,13.9184,-69.9417
0.409,7.24409,13.8488,-69.592
0.41,7.25787,13.7796,-69.244
0.411,7.27158,13.7107,-68.8978
0.412,7.28522,13.6421,-68.5533
0.413,7.29879,13.5739,-68.2106
0.414,7.3123,13.506,-67.8695
0.415,7.32574,13.4385,-67.5302
0.416,7.33911,13.3713,-67.1925
0.417,7.35241,13.3045,-66.8566
0.418,7.36565,13.2379,-66.5223
0.419,7.37882,13.1717,-66.1897
0.42,7.39193,13.1059,-65.8587
0.421,7.40497,13.0404,-65.5294
0.422,7.41794,12.9752,-65.2018
0.423,7.43085,12.9103,-64.8758
0.424,7.4437,12.8457,-64.5514
0.425,7.45648,12.7815,-64.2286
0.426,7.4692,12.7176,-63.9075
0.427,7.48185,12.654,-63.5879
0.428,7.49444,12.5907,-63.27
0.429,7.50697,12.5278,-62.9537
0.43,7.51944,12.4651,-62.6389
0.431,7.53184,12.4028,-62.3257
0.432,7.54418,12.3408,-62.0141
0.433,7.55646,12.2791,-61.704
0.434,7.56868,12.2177,-61.3955
0.435,7.58083,12.1566,-61.0885
0.436,7.59293,12.0958,-60.7831
0.437,7.60497,12.0353,-60.4791
0.438,7.61694,11.9752,-60.1767
0.439,7.62886,11.9153,-59.8759
0.44,7.64071,11.8557,-59.5765
0.441,7.65251,11.7964,-59.2786
0.442,7.66425,11.7375,-58.9822
0.443,7.67592,11.6788,-58.6873
0.444,7.68754,11.6204,-58.3939
0.445,7.69911,11.5623,-58.1019
0.446,7.71061,11.5045,-57.8114
0.447,7.72206,11.4469,-57.5223
0.448,7.73345,11.3897,-57.2347
0.449,7.74478,11.3328,-56.9485
0.45,7.75606,11.2761,-56.6638
0.451,7.76728,11.2197,-56.3805
0.452,7.77844,11.1636,-56.0986
0.453,7.78955,11.1078,-55.8181
0.454,7.8006,11.0523,-55.539
0.455,7.8116,10.997,-55.2613
0.456,7.82254,10.942,-54.985
0.457,7.83343,10.8873,-54.7101
0.458,7.84426,10.8329,-54.4365
0.459,7.85504,10.7787,-54.1643
0.46,7.86576,10.7248,-53.8935
0.461,7.87643,10.6712,-53.624
0.462,7.88705,10.6178,-53.3559
0.463,7.89762,10.5647,-53.0891
0.464,7.90813,10.5119,-52.8237
0.465,7.91859,10.4594,-52.5596
0.466,7.929,10.4071,-52.2968
0.467,7.93935,10.355,-52.0353
0.468,7.94965,10.3032,-51.7751
0.469,7.95991,10.2517,-51.5162
0.47,7.97011,10.2005,-51.2587
0.471,7.98026,10.1495,-51.0024
0.472,7.99035,10.0987,-50.7474
0.473,8.0004,10.0482,-50.4936
0.474,8.0104,9.99799,-50.2412
0.475,8.02035,9.948,-49.9899
0.476,8.03025,9.89826,-49.74
0.477,8.0401,9.84877,-49.4913
0.478,8.04989,9.79952,-49.2438
0.479,8.05965,9.75053,-48.9976
0.48,8.06935,9.70177,-48.7526
0.481,8.079,9.65327,-48.5089
0.482,8.08861,9.605,-48.2663
0.483,8.09816,9.55697,-48.025
0.484,8.10767,9.50919,-47.7849
0.485,8.11713,9.46164,-47.5459
0.486,8.12655,9.41434,-47.3082
0.487,8.13591,9.36726,-47.0717
0.488,8.14523,9.32043,-46.8363
0.489,8.15451,9.27383,-46.6021
0.49,8.16374,9.22746,-46.3691
0.491,8.17292,9.18132,-46.1373
0.492,8.18205,9.13541,-45.9066
0.493,8.19114,9.08974,-45.6771
0.494,8.20019,9.04429,-45.4487
0.495,8.20919,8.99907,-45.2214
0.496,8.21814,8.95407,-44.9953
0.497,8.22705,8.9093,-44.7703
0.498,8.23591,8.86475,-44.5465
0.499,8.24473,8.82043,-44.3238
0.5,8.25351,8.77633,-44.1021
0.501,8.26224,8.73245,-43.8816
0.502,8.27093,8.68878,-43.6622
0.503,8.27958,8.64534,-43.4439
0.504,8.28818,8.60211,-43.2267
0.505,8.29674,8.5591,-43.0106
0.506,8.30526,8.51631,-42.7955
0.507,8.31373,8.47372,-42.5815
0.508,8.32216,8.43136,-42.3686
0.509,8.33055,8.3892,-42.1568
0.51,8.3389,8.34725,-41.946
0.511,8.3472,8.30552,-41.7363
0.512,8.35547,8.26399,-41.5276
0.513,8.36369,8.22267,-41.3199
0.514,8.37187,8.18156,-41.1133
0.515,8.38001,8.14065,-40.9078
0.516,8.38811,8.09995,-40.7032
0.517,8.39617,8.05945,-40.4997
0.518,8.40419,8.01915,-40.2972
0.519,8.41217,7.97905,-40.0957
0.52,8.42011,7.93916,-39.8953
0.521,8.42801,7.89946,-39.6958
0.522,8.43587,7.85996,-39.4973
0.523,8.44369,7.82066,-39.2998
0.524,8.45147,7.78156,-39.1033
0.525,8.45921,7.74265,-38.9078
0.526,8.46692,7.70394,-38.7133
0.527,8.47458,7.66542,-38.5197
0.528,8.48221,7.62709,-38.3271
0.529,8.4898,7.58896,-38.1355
0.53,8.49735,7.55101,-37.9448
0.531,8.50486,7.51326,-37.7551
0.532,8.51234,7.47569,-37.5663
0.533,8.51978,7.43831,-37.3785
0.534,8.52718,7.40112,-37.1916
0.535,8.53454,7.36412,-37.0056
0.536,8.54187,7.3273,-36.8206
0.537,8.54916,7.29066,-36.6365
0.538,8.55641,7.25421,-36.4533
0.539,8.56363,7.21793,-36.271
0.54,8.57081,7.18184,-36.0897
0.541,8.57796,7.14594,-35.9092
0.542,8.58507,7.11021,-35.7297
0.543,8.59214,7.07465,-35.551
0.544,8.59918,7.03928,-35.3733
0.545,8.60619,7.00409,-35.1964
0.546,8.61316,6.96906,-35.0204
0.547,8.62009,6.93422,-34.8453
0.548,8.62699,6.89955,-34.6711
0.549,8.63385,6.86505,-34.4977
0.55,8.64069,6.83073,-34.3253
0.551,8.64748,6.79657,-34.1536
0.552,8.65424,6.76259,-33.9829
0.553,8.66097,6.72878,-33.8129
0.554,8.66767,6.69513,-33.6439
0.555,8.67433,6.66166,-33.4757
0.556,8.68096,6.62835,-33.3083
0.557,8.68755,6.59521,-33.1417
0.558,8.69412,6.56223,-32.976
0.559,8.70065,6.52942,-32.8112
0.56,8.70714,6.49677,-32.6471
0.561,8.71361,6.46429,-32.4839
0.562,8.72004,6.43197,-32.3214
0.563,8.72644,6.39981,-32.1598
0.564,8.73281,6.36781,-31.999
0.565,8.73914,6.33597,-31.839
0.566,8.74545,6.30429,-31.6798
0.567,8.75172,6.27277,-31.5214
0.568,8.75796,6.2414,-31.3638
0.569,8.76417,6.2102,-31.207
0.57,8.77035,6.17915,-31.051
0.571,8.7765,6.14825,-30.8957
0.572,8.78262,6.11751,-30.7413
0.573,8.7887,6.08692,-30.5875
0.574,8.79476,6.05649,-30.4346
0.575,8.80079,6.0262,-30.2824
0.576,8.80678,5.99607,-30.131
0.577,8.81275,5.96609,-29.9804
0.578,8.81868,5.93626,-29.8305
0.579,8.82459,5.90658,-29.6813
0.58,8.83047,5.87705,-29.5329
0.581,8.83632,5.84766,-29.3852
0.582,8.84213,5.81842,-29.2383
0.583,8.84792,5.78933,-29.0921
0.584,8.85368,5.76039,-28.9467
0.585,8.85941,5.73158,-28.8019
0.586,8.86512,5.70293,-28.6579
0.587,8.87079,5.67441,-28.5146
0.588,8.87644,5.64604,-28.3721
0.589,8.88206,5.61781,-28.2302
0.59,8.88765,5.58972,-28.089
0.591,8.89321,5.56177,-27.9486
0.592,8.89874,5.53396,-27.8089
0.593,8.90425,5.50629,-27.6698
0.594,8.90973,5.47876,-27.5315
0.595,8.91518,5.45137,-27.3938
0.596,8.9206,5.42411,-27.2568
0.597,8.926,5.39699,-27.1206
0.598,8.93137,5.37001,-26.985
0.599,8.93671,5.34316,-26.85
0.6,8.94203,5.31644,-26.7158
0.601,8.94732,5.28986,-26.5822
0.602,8.95258,5.26341,-26.4493
0.603,8.95782,5.23709,-26.317
0.604,8.96303,5.21091,-26.1855
0.605,8.96821,5.18485,-26.0545
0.606,8.97337,5.15893,-25.9243
0.607,8.97851,5.13313,-25.7946
0.608,8.98361,5.10747,-25.6657
0.609,8.9887,5.08193,-25.5373
0.61,8.99375,5.05652,-25.4096
0.611,8.99878,5.03124,-25.2826
0.612,9.00379,5.00608,-25.1562
0.613,9.00877,4.98105,-25.0304
0.614,9.01373,4.95614,-24.9053
0.615,9.01866,4.93136,-24.7807
0.616,9.02357,4.90671,-24.6568
0.617,9.02845,4.88217,-24.5335
0.618,9.03331,4.85776,-24.4109
0.619,9.03814,4.83347,-24.2888
0.62,9.04295,4.80931,-24.1674
0.621,9.04773,4.78526,-24.0465
0.622,9.05249,4.76133,-23.9263
0.623,9.05723,4.73753,-23.8067
0.624,9.06195,4.71384,-23.6876
0.625,9.06664,4.69027,-23.5692
0.626,9.0713,4.66682,-23.4514
0.627,9.07595,4.64349,-23.3341
0.628,9.08057,4.62027,-23.2174
0.629,9.08516,4.59717,-23.1013
0.63,9.08974,4.57418,-22.9858
0.631,9.09429,4.55131,-22.8709
0.632,9.09882,4.52855,-22.7565
0.633,9.10332,4.50591,-22.6428
0.634,9.10781,4.48338,-22.5296
0.635,9.11227,4.46096,-22.4169
0.636,9.11671,4.43866,-22.3048
0.637,9.12112,4.41647,-22.1933
0.638,9.12552,4.39438,-22.0823
0.639,9.12989,4.37241,-21.9719
0.64,9.13424,4.35055,-21.8621
0.641,9.13857,4.3288,-21.7527
0.642,9.14288,4.30715,-21.644
0.643,9.14716,4.28562,-21.5358
0.644,9.15143,4.26419,-21.4281
0.645,9.15567,4.24287,-21.3209
0.646,9.15989,4.22165,-21.2143
0.647,9.16409,4.20055,-21.1083
0.648,9.16827,4.17954,-21.0027
0.649,9.17243,4.15864,-20.8977
0.65,9.17657,4.13785,-20.7932
0.651,9.18068,4.11716,-20.6893
0.652,9.18478,4.09658,-20.5858
0.653,9.18886,4.07609,-20.4829
0.654,9.19291,4.05571,-20.3805
0.655,9.19695,4.03543,-20.2786
0.656,9.20096,4.01526,-20.1772
0.657,9.20496,3.99518,-20.0763
0.658,9.20893,3.97521,-19.9759
0.659,9.21289,3.95533,-19.876
0.66,9.21683,3.93555,-19.7766
0.661,9.22074,3.91587,-19.6778
0.662,9.22464,3.8963,-19.5794
0.663,9.22851,3.87681,-19.4815
0.664,9.23237,3.85743,-19.3841
0.665,9.23621,3.83814,-19.2871
0.666,9.24003,3.81895,-19.1907
0.667,9.24383,3.79986,-19.0948
0.668,9.24761,3.78086,-18.9993
0.669,9.25137,3.76195,-18.9043
0.67,9.25511,3.74314,-18.8098
0.671,9.25884,3.72443,-18.7157
0.672,9.26254,3.70581,-18.6221
0.673,9.26623,3.68728,-18.529
0.674,9.2699,3.66884,-18.4364
0.675,9.27355,3.6505,-18.3442
0.676,9.27718,3.63224,-18.2525
0.677,9.2808,3.61408,-18.1612
0.678,9.28439,3.59601,-18.0704
0.679,9.28797,3.57803,-17.9801
0.68,9.29153,3.56014,-17.8902
0.681,9.29507,3.54234,-17.8007
0.682,9.2986,3.52463,-17.7117
0.683,9.30211,3.50701,-17.6231
0.684,9.3056,3.48947,-17.535
0.685,9.30907,3.47202,-17.4474
0.686,9.31252,3.45466,-17.3601
0.687,9.31596,3.43739,-17.2733
0.688,9.31938,3.4202,-17.187
0.689,9.32278,3.4031,-17.101
0.69,9.32617,3.38609,-17.0155
0.691,9.32954,3.36916,-16.9304
0.692,9.33289,3.35231,-16.8458
0.693,9.33623,3.33555,-16.7616
0.694,9.33954,3.31887,-16.6777
0.695,9.34285,3.30228,-16.5944
0.696,9.34613,3.28577,-16.5114
0.697,9.3494,3.26934,-16.4288
0.698,9.35265,3.25299,-16.3467
0.699,9.35589,3.23673,-16.265
0.7,9.35911,3.22054,-16.1836
0.701,9.36232,3.20444,-16.1027
0.702,9.36551,3.18842,-16.0222
0.703,9.36868,3.17247,-15.9421
0.704,9.37183,3.15661,-15.8624
0.705,9.37497,3.14083,-15.7831
0.706,9.3781,3.12513,-15.7041
0.707,9.38121,3.1095,-15.6256
0.708,9.3843,3.09395,-15.5475
0.709,9.38738,3.07848,-15.4698
0.71,9.39045,3.06309,-15.3924
0.711,9.39349,3.04777,-15.3154
0.712,9.39653,3.03254,-15.2389
0.713,9.39954,3.01737,-15.1627
0.714,9.40255,3.00229,-15.0869
0.715,9.40553,2.98727,-15.0114
0.716,9.4085,2.97234,-14.9364
0.717,9.41146,2.95748,-14.8617
0.718,9.4144,2.94269,-14.7874
0.719,9.41733,2.92798,-14.7134
0.72,9.42025,2.91334,-14.6399
0.721,9.42314,2.89877,-14.5667
0.722,9.42603,2.88428,-14.4938
0.723,9.4289,2.86985,-14.4214
0.724,9.43175,2.8555,-14.3493
0.725,9.4346,2.84123,-14.2775
0.726,9.43742,2.82702,-14.2061
0.727,9.44024,2.81289,-14.1351
0.728,9.44303,2.79882,-14.0644
0.729,9.44582,2.78483,-13.9941
0.73,9.44859,2.7709,-13.9241
0.731,9.45135,2.75705,-13.8545
0.732,9.45409,2.74326,-13.7852
0.733,9.45682,2.72955,-13.7163
0.734,9.45954,2.7159,-13.6477
0.735,9.46224,2.70232,-13.5795
0.736,9.46493,2.68881,-13.5116
0.737,9.4676,2.67536,-13.444
0.738,9.47026,2.66199,-13.3768
0.739,9.47291,2.64868,-13.3099
0.74,9.47555,2.63543,-13.2434
0.741,9.47817,2.62226,-13.1772
0.742,9.48078,2.60915,-13.1113
0.743,9.48338,2.5961,-13.0457
0.744,9.48596,2.58312,-12.9805
0.745,9.48853,2.5702,-12.9156
0.746,9.49109,2.55735,-12.851
0.747,9.49363,2.54457,-12.7868
0.748,9.49616,2.53184,-12.7228
0.749,9.49868,2.51918,-12.6592
0.75,9.50119,2.50659,-12.5959
0.751,9.50368,2.49406,-12.5329
0.752,9.50616,2.48158,-12.4703
0.753,9.50863,2.46918,-12.4079
0.754,9.51109,2.45683,-12.3459
0.755,9.51354,2.44455,-12.2842
0.756,9.51597,2.43232,-12.2227
0.757,9.51839,2.42016,-12.1616
0.758,9.5208,2.40806,-12.1008
0.759,9.52319,2.39602,-12.0403
0.76,9.52558,2.38404,-11.9801
0.761,9.52795,2.37212,-11.9202
0.762,9.53031,2.36026,-11.8606
0.763,9.53266,2.34846,-11.8013
0.764,9.53499,2.33672,-11.7423
0.765,9.53732,2.32503,-11.6836
0.766,9.53963,2.31341,-11.6252
0.767,9.54193,2.30184,-11.567
0.768,9.54422,2.29033,-11.5092
0.769,9.5465,2.27888,-11.4517
0.77,9.54877,2.26749,-11.3944
0.771,9.55103,2.25615,-11.3374
0.772,9.55327,2.24487,-11.2807
0.773,9.5555,2.23364,-11.2243
0.774,9.55773,2.22248,-11.1682
0.775,9.55994,2.21136,-11.1124
0.776,9.56214,2.20031,-11.0568
0.777,9.56433,2.1893,-11.0015
0.778,9.56651,2.17836,-10.9465
0.779,9.56867,2.16747,-10.8918
0.78,9.57083,2.15663,-10.8373
0.781,9.57298,2.14585,-10.7831
0.782,9.57511,2.13512,-10.7292
0.783,9.57724,2.12444,-10.6756
0.784,9.57935,2.11382,-10.6222
0.785,9.58145,2.10325,-10.5691
0.786,9.58355,2.09273,-10.5162
0.787,9.58563,2.08227,-10.4637
0.788,9.5877,2.07186,-10.4113
0.789,9.58976,2.0615,-10.3593
0.79,9.59181,2.05119,-10.3075
0.791,9.59385,2.04094,-10.256
0.792,9.59588,2.03073,-10.2047
0.793,9.59791,2.02058,-10.1537
0.794,9.59992,2.01047,-10.1029
0.795,9.60192,2.00042,-10.0524
0.796,9.60391,1.99042,-10.0021
0.797,9.60589,1.98047,-9.9521
0.798,9.60786,1.97057,-9.90234
0.799,9.60982,1.96071,-9.85283
0.8,9.61177,1.95091,-9.80356
0.801,9.61371,1.94115,-9.75455
0.802,9.61564,1.93145,-9.70577
0.803,9.61756,1.92179,-9.65724
0.804,9.61948,1.91218,-9.60896
0.805,9.62138,1.90262,-9.56091
0.806,9.62327,1.89311,-9.51311
0.807,9.62516,1.88364,-9.46554
0.808,9.62703,1.87422,-9.41821
0.809,9.62889,1.86485,-9.37112
0.81,9.63075,1.85553,-9.32427
0.811,9.6326,1.84625,-9.27765
0.812,9.63443,1.83702,-9.23126
0.813,9.63626,1.82784,-9.1851
0.814,9.63808,1.8187,-9.13918
0.815,9.63989,1.8096,-9.09348
0.816,9.64169,1.80055,-9.04801
0.817,9.64348,1.79155,-9.00277
0.818,9.64526,1.78259,-8.95776
0.819,9.64704,1.77368,-8.91297
0.82,9.6488,1.76481,-8.86841
0.821,9.65056,1.75599,-8.82406
0.822,9.65231,1.74721,-8.77994
0.823,9.65404,1.73847,-8.73604
0.824,9.65577,1.72978,-8.69236
0.825,9.65749,1.72113,-8.6489
0.826,9.65921,1.71253,-8.60566
0.827,9.66091,1.70396,-8.56263
0.828,9.66261,1.69544,-8.51982
0.829,9.66429,1.68697,-8.47722
0.83,9.66597,1.67853,-8.43483
0.831,9.66764,1.67014,-8.39266
0.832,9.6693,1.66179,-8.35069
0.833,9.67096,1.65348,-8.30894
0.834,9.6726,1.64521,-8.26739
0.835,9.67424,1.63699,-8.22606
0.836,9.67587,1.6288,-8.18493
0.837,9.67749,1.62066,-8.144
0.838,9.6791,1.61255,-8.10328
0.839,9.68071,1.60449,-8.06277
0.84,9.6823,1.59647,-8.02245
0.841,9.68389,1.58849,-7.98234
0.842,9.68547,1.58054,-7.94243
0.843,9.68704,1.57264,-7.90272
0.844,9.68861,1.56478,-7.8632
0.845,9.69017,1.55695,-7.82389
0.846,9.69172,1.54917,-7.78477
0.847,9.69326,1.54142,-7.74584
0.848,9.69479,1.53372,-7.70711
0.849,9.69632,1.52605,-7.66858
0.85,9.69784,1.51842,-7.63024
0.851,9.69935,1.51082,-7.59208
0.852,9.70085,1.50327,-7.55412
0.853,9.70234,1.49575,-7.51635
0.854,9.70383,1.48828,-7.47877
0.855,9.70531,1.48083,-7.44138
0.856,9.70679,1.47343,-7.40417
0.857,9.70825,1.46606,-7.36715
0.858,9.70971,1.45873,-7.33031
0.859,9.71116,1.45144,-7.29366
0.86,9.71261,1.44418,-7.25719
0.861,9.71404,1.43696,-7.22091
0.862,9.71547,1.42978,-7.1848
0.863,9.7169,1.42263,-7.14888
0.864,9.71831,1.41551,-7.11314
0.865,9.71972,1.40844,-7.07757
0.866,9.72112,1.40139,-7.04218
0.867,9.72252,1.39439,-7.00697
0.868,9.7239,1.38742,-6.97194
0.869,9.72528,1.38048,-6.93708
0.87,9.72666,1.37358,-6.90239
0.871,9.72803,1.36671,-6.86788
0.872,9.72938,1.35987,-6.83354
0.873,9.73074,1.35308,-6.79937
0.874,9.73208,1.34631,-6.76538
0.875,9.73342,1.33958,-6.73155
0.876,9.73476,1.33288,-6.69789
0.877,9.73608,1.32622,-6.6644
0.878,9.7374,1.31958,-6.63108
0.879,9.73872,1.31299,-6.59792
0.88,9.74002,1.30642,-6.56493
0.881,9.74132,1.29989,-6.53211
0.882,9.74262,1.29339,-6.49945
0.883,9.7439,1.28692,-6.46695
0.884,9.74518,1.28049,-6.43462
0.885,9.74646,1.27409,-6.40244
0.886,9.74772,1.26772,-6.37043
0.887,9.74899,1.26138,-6.33858
0.888,9.75024,1.25507,-6.30689
0.889,9.75149,1.2488,-6.27535
0.89,9.75273,1.24255,-6.24398
0.891,9.75397,1.23634,-6.21276
0.892,9.7552,1.23016,-6.18169
0.893,9.75642,1.22401,-6.15078
0.894,9.75764,1.21789,-6.12003
0.895,9.75885,1.2118,-6.08943
0.896,9.76006,1.20574,-6.05898
0.897,9.76126,1.19971,-6.02869
0.898,9.76245,1.19371,-5.99854
0.899,9.76364,1.18774,-5.96855
0.9,9.76482,1.1818,-5.93871
0.901,9.766,1.17589,-5.90902
0.902,9.76717,1.17001,-5.87947
0.903,9.76833,1.16416,-5.85007
0.904,9.76949,1.15834,-5.82082
0.905,9.77064,1.15255,-5.79172
0.906,9.77179,1.14679,-5.76276
0.907,9.77293,1.14106,-5.73395
0.908,9.77407,1.13535,-5.70528
0.909,9.7752,1.12967,-5.67675
0.91,9.77632,1.12402,-5.64837
0.911,9.77744,1.1184,-5.62012
0.912,9.77855,1.11281,-5.59202
0.913,9.77966,1.10725,-5.56406
0.914,9.78076,1.10171,-5.53624
0.915,9.78186,1.0962,-5.50856
0.916,9.78295,1.09072,-5.48102
0.917,9.78403,1.08527,-5.45361
0.918,9.78511,1.07984,-5.42635
0.919,9.78619,1.07444,-5.39921
0.92,9.78725,1.06907,-5.37222
0.921,9.78832,1.06373,-5.34536
0.922,9.78938,1.05841,-5.31863
0.923,9.79043,1.05312,-5.29204
0.924,9.79148,1.04785,-5.26558
0.925,9.79252,1.04261,-5.23925
0.926,9.79356,1.0374,-5.21305
0.927,9.79459,1.03221,-5.18699
0.928,9.79562,1.02705,-5.16105
0.929,9.79664,1.02191,-5.13525
0.93,9.79766,1.0168,-5.10957
0.931,9.79867,1.01172,-5.08402
0.932,9.79967,1.00666,-5.0586
0.933,9.80068,1.00163,-5.03331
0.934,9.80167,0.996621,-5.00814
0.935,9.80266,0.991637,-4.9831
0.936,9.80365,0.986679,-4.95819
0.937,9.80463,0.981746,-4.9334
0.938,9.80561,0.976837,-4.90873
0.939,9.80658,0.971953,-4.88419
0.94,9.80755,0.967093,-4.85976
0.941,9.80851,0.962258,-4.83547
0.942,9.80947,0.957446,-4.81129
0.943,9.81042,0.952659,-4.78723
0.944,9.81137,0.947896,-4.7633
0.945,9.81231,0.943156,-4.73948
0.946,9.81325,0.938441,-4.71578
0.947,9.81418,0.933748,-4.6922
0.948,9.81511,0.92908,-4.66874
0.949,9.81604,0.924434,-4.6454
0.95,9.81696,0.919812,-4.62217
0.951,9.81787,0.915213,-4.59906
0.952,9.81878,0.910637,-4.57607
0.953,9.81969,0.906084,-4.55318
0.954,9.82059,0.901553,-4.53042
0.955,9.82149,0.897046,-4.50777
0.956,9.82238,0.89256,-4.48523
0.957,9.82327,0.888098,-4.4628
0.958,9.82415,0.883657,-4.44049
0.959,9.82503,0.879239,-4.41829
0.96,9.82591,0.874843,-4.39619
0.961,9.82678,0.870468,-4.37421
0.962,9.82764,0.866116,-4.35234
0.963,9.8285,0.861785,-4.33058
0.964,9.82936,0.857477,-4.30893
0.965,9.83022,0.853189,-4.28738
0.966,9.83106,0.848923,-4.26595
0.967,9.83191,0.844679,-4.24462
0.968,9.83275,0.840455,-4.22339
0.969,9.83359,0.836253,-4.20228
0.97,9.83442,0.832072,-4.18126
0.971,9.83525,0.827911,-4.16036
0.972,9.83607,0.823772,-4.13956
0.973,9.83689,0.819653,-4.11886
0.974,9.8377,0.815555,-4.09826
0.975,9.83852,0.811477,-4.07777
0.976,9.83932,0.807419,-4.05738
0.977,9.84013,0.803382,-4.0371
0.978,9.84093,0.799365,-4.01691
0.979,9.84172,0.795369,-3.99683
0.98,9.84251,0.791392,-3.97684
0.981,9.8433,0.787435,-3.95696
0.982,9.84408,0.783498,-3.93717
0.983,9.84486,0.77958,-3.91749
0.984,9.84564,0.775682,-3.8979
0.985,9.84641,0.771804,-3.87841
0.986,9.84718,0.767945,-3.85902
0.987,9.84794,0.764105,-3.83972
0.988,9.8487,0.760285,-3.82053
0.989,9.84946,0.756483,-3.80142
0.99,9.85021,0.752701,-3.78242
0.991,9.85096,0.748937,-3.7635
0.992,9.85171,0.745193,-3.74469
0.993,9.85245,0.741467,-3.72596
0.994,9.85319,0.737759,-3.70733
0.995,9.85392,0.73407,-3.6888
0.996,9.85465,0.7304,-3.67035
0.997,9.85538,0.726748,-3.652
0.998,9.8561,0.723114,-3.63374
0.999,9.85682,0.719499,-3.61557
1,9.85754,0.715901,-3.59749
1.001,9.85825,0.712322,-3.57951
1.002,9.85896,0.70876,-3.56161
1.003,9.85966,0.705216,-3.5438
1.004,9.86036,0.70169,-3.52608
1.005,9.86106,0.698182,-3.50845
1.006,9.86176,0.694691,-3.49091
1.007,9.86245,0.691218,-3.47345
1.008,9.86314,0.687761,-3.45609
1.009,9.86382,0.684323,-3.43881
1.01,9.8645,0.680901,-3.42161
1.011,9.86518,0.677496,-3.40451
1.012,9.86585,0.674109,-3.38748
1.013,9.86652,0.670738,-3.37055
1.014,9.86719,0.667385,-3.35369
1.015,9.86785,0.664048,-3.33692
1.016,9.86852,0.660728,-3.32024
1.017,9.86917,0.657424,-3.30364
1.018,9.86983,0.654137,-3.28712
1.019,9.87048,0.650866,-3.27068
1.02,9.87113,0.647612,-3.25433
1.021,9.87177,0.644374,-3.23806
1.022,9.87241,0.641152,-3.22187
1.023,9.87305,0.637946,-3.20576
1.024,9.87368,0.634756,-3.18973
1.025,9.87432,0.631583,-3.17378
1.026,9.87494,0.628425,-3.15791
1.027,9.87557,0.625283,-3.14212
1.028,9.87619,0.622156,-3.12641
1.029,9.87681,0.619045,-3.11078
1.03,9.87743,0.61595,-3.09523
1.031,9.87804,0.61287,-3.07975
1.032,9.87865,0.609806,-3.06435
1.033,9.87926,0.606757,-3.04903
1.034,9.87986,0.603723,-3.03379
1.035,9.88046,0.600705,-3.01862
1.036,9.88106,0.597701,-3.00352
1.037,9.88165,0.594713,-2.98851
1.038,9.88224,0.591739,-2.97356
1.039,9.88283,0.58878,-2.9587
1.04,9.88342,0.585836,-2.9439
1.041,9.884,0.582907,-2.92918
1.042,9.88458,0.579993,-2.91454
1.043,9.88516,0.577093,-2.89996
1.044,9.88573,0.574207,-2.88546
1.045,9.8863,0.571336,-2.87104
1.046,9.88687,0.56848,-2.85668
1.047,9.88744,0.565637,-2.8424
1.048,9.888,0.562809,-2.82819
1.049,9.88856,0.559995,-2.81405
1.05,9.88912,0.557195,-2.79997
1.051,9.88967,0.554409,-2.78597
1.052,9.89022,0.551637,-2.77205
1.053,9.89077,0.548879,-2.75818
1.054,9.89132,0.546134,-2.74439
1.055,9.89186,0.543404,-2.73067
1.056,9.8924,0.540687,-2.71702
1.057,9.89294,0.537983,-2.70343
1.058,9.89348,0.535293,-2.68992
1.059,9.89401,0.532617,-2.67647
1.06,9.89454,0.529954,-2.66308
1.061,9.89507,0.527304,-2.64977
1.062,9.89559,0.524668,-2.63652
1.063,9.89611,0.522044,-2.62334
1.064,9.89663,0.519434,-2.61022
1.065,9.89715,0.516837,-2.59717
1.066,9.89766,0.514253,-2.58418
1.067,9.89818,0.511681,-2.57126
1.068,9.89868,0.509123,-2.55841
1.069,9.89919,0.506577,-2.54561
1.07,9.8997,0.504044,-2.53289
1.071,9.9002,0.501524,-2.52022
1.072,9.9007,0.499017,-2.50762
1.073,9.90119,0.496522,-2.49508
1.074,9.90169,0.494039,-2.48261
1.075,9.90218,0.491569,-2.47019
1.076,9.90267,0.489111,-2.45784
1.077,9.90315,0.486665,-2.44555
1.078,9.90364,0.484232,-2.43333
1.079,9.90412,0.481811,-2.42116
1.08,9.9046,0.479402,-2.40905
1.081,9.90508,0.477005,-2.39701
1.082,9.90555,0.47462,-2.38502
1.083,9.90602,0.472247,-2.3731
1.084,9.90649,0.469885,-2.36123
1.085,9.90696,0.467536,-2.34943
1.086,9.90743,0.465198,-2.33768
1.087,9.90789,0.462872,-2.32599
1.088,9.90835,0.460558,-2.31436
1.089,9.90881,0.458255,-2.30279
1.09,9.90926,0.455964,-2.29128
1.091,9.90972,0.453684,-2.27982
1.092,9.91017,0.451416,-2.26842
1.093,9.91062,0.449159,-2.25708
1.094,9.91106,0.446913,-2.24579
1.095,9.91151,0.444678,-2.23456
1.096,9.91195,0.442455,-2.22339
1.097,9.91239,0.440243,-2.21227
1.098,9.91283,0.438041,-2.20121
1.099,9.91327,0.435851,-2.19021
1.1,9.9137,0.433672,-2.17926
1.101,9.91413,0.431503,-2.16836
1.102,9.91456,0.429346,-2.15752
1.103,9.91499,0.427199,-2.14673
1.104,9.91541,0.425063,-2.136
1.105,9.91584,0.422938,-2.12532
1.106,9.91626,0.420823,-2.11469
1.107,9.91667,0.418719,-2.10412
1.108,9.91709,0.416626,-2.0936
1.109,9.91751,0.414542,-2.08313
1.11,9.91792,0.41247,-2.07271
1.111,9.91833,0.410407,-2.06235
1.112,9.91874,0.408355,-2.05204
1.113,9.91914,0.406314,-2.04178
1.114,9.91955,0.404282,-2.03157
1.115,9.91995,0.402261,-2.02141
1.116,9.92035,0.400249,-2.0113
1.117,9.92075,0.398248,-2.00125
1.118,9.92114,0.396257,-1.99124
1.119,9.92154,0.394275,-1.98128
1.12,9.92193,0.392304,-1.97138
1.121,9.92232,0.390343,-1.96152
1.122,9.92271,0.388391,-1.95171
1.123,9.9231,0.386449,-1.94195
1.124,9.92348,0.384517,-1.93224
1.125,9.92386,0.382594,-1.92258
1.126,9.92424,0.380681,-1.91297
1.127,9.92462,0.378778,-1.90341
1.128,9.925,0.376884,-1.89389
1.129,9.92538,0.374999,-1.88442
1.13,9.92575,0.373124,-1.875
1.131,9.92612,0.371259,-1.86562
1.132,9.92649,0.369402,-1.85629
1.133,9.92686,0.367555,-1.84701
1.134,9.92722,0.365718,-1.83778
1.135,9.92759,0.363889,-1.82859
1.136,9.92795,0.36207,-1.81945
1.137,9.92831,0.360259,-1.81035
1.138,9.92867,0.358458,-1.8013
1.139,9.92902,0.356666,-1.79229
1.14,9.92938,0.354882,-1.78333
1.141,9.92973,0.353108,-1.77441
1.142,9.93008,0.351342,-1.76554
1.143,9.93043,0.349586,-1.75671
1.144,9.93078,0.347838,-1.74793
1.145,9.93113,0.346099,-1.73919
1.146,9.93147,0.344368,-1.73049
1.147,9.93181,0.342646,-1.72184
1.148,9.93215,0.340933,-1.71323
1.149,9.93249,0.339228,-1.70467
1.15,9.93283,0.337532,-1.69614
1.151,9.93317,0.335845,-1.68766
1.152,9.9335,0.334165,-1.67922
1.153,9.93383,0.332495,-1.67083
1.154,9.93416,0.330832,-1.66247
1.155,9.93449,0.329178,-1.65416
1.156,9.93482,0.327532,-1.64589
1.157,9.93515,0.325894,-1.63766
1.158,9.93547,0.324265,-1.62947
1.159,9.93579,0.322644,-1.62132
1.16,9.93611,0.32103,-1.61322
1.161,9.93643,0.319425,-1.60515
1.162,9.93675,0.317828,-1.59713
1.163,9.93707,0.316239,-1.58914
1.164,9.93738,0.314658,-1.58119
1.165,9.9377,0.313084,-1.57329
1.166,9.93801,0.311519,-1.56542
1.167,9.93832,0.309961,-1.5576
1.168,9.93863,0.308412,-1.54981
1.169,9.93893,0.30687,-1.54206
1.17,9.93924,0.305335,-1.53435
1.171,9.93954,0.303809,-1.52668
1.172,9.93984,0.302289,-1.51904
1.173,9.94015,0.300778,-1.51145
1.174,9.94044,0.299274,-1.50389
1.175,9.94074,0.297778,-1.49637
1.176,9.94104,0.296289,-1.48889
1.177,9.94133,0.294807,-1.48144
1.178,9.94163,0.293333,-1.47404
1.179,9.94192,0.291867,-1.46667
1.18,9.94221,0.290407,-1.45933
1.181,9.9425,0.288955,-1.45204
1.182,9.94279,0.287511,-1.44478
1.183,9.94307,0.286073,-1.43755
1.184,9.94336,0.284643,-1.43037
1.185,9.94364,0.283219,-1.42321
1.186,9.94392,0.281803,-1.4161
1.187,9.9442,0.280394,-1.40902
1.188,9.94448,0.278992,-1.40197
1.189,9.94476,0.277597,-1.39496
1.19,9.94503,0.276209,-1.38799
1.191,9.94531,0.274828,-1.38105
1.192,9.94558,0.273454,-1.37414
1.193,9.94585,0.272087,-1.36727
1.194,9.94613,0.270727,-1.36043
1.195,9.94639,0.269373,-1.35363
1.196,9.94666,0.268026,-1.34686
1.197,9.94693,0.266686,-1.34013
1.198,9.94719,0.265352,-1.33343
1.199,9.94746,0.264026,-1.32676
1.2,9.94772,0.262706,-1.32013
1.201,9.94798,0.261392,-1.31353
1.202,9.94824,0.260085,-1.30696
1.203,9.9485,0.258785,-1.30043
1.204,9.94876,0.257491,-1.29392
1.205,9.94902,0.256203,-1.28745
1.206,9.94927,0.254922,-1.28102
1.207,9.94952,0.253648,-1.27461
1.208,9.94978,0.252379,-1.26824
1.209,9.95003,0.251118,-1.2619
1.21,9.95028,0.249862,-1.25559
1.211,9.95053,0.248613,-1.24931
1.212,9.95077,0.24737,-1.24306
1.213,9.95102,0.246133,-1.23685
1.214,9.95126,0.244902,-1.23066
1.215,9.95151,0.243678,-1.22451
1.216,9.95175,0.242459,-1.21839
1.217,9.95199,0.241247,-1.2123
1.218,9.95223,0.240041,-1.20623
1.219,9.95247,0.23884,-1.2002
1.22,9.95271,0.237646,-1.1942
1.221,9.95294,0.236458,-1.18823
1.222,9.95318,0.235276,-1.18229
1.223,9.95341,0.234099,-1.17638
1.224,9.95365,0.232929,-1.1705
1.225,9.95388,0.231764,-1.16464
1.226,9.95411,0.230605,-1.15882
1.227,9.95434,0.229452,-1.15303
1.228,9.95457,0.228305,-1.14726
1.229,9.95479,0.227164,-1.14153
1.23,9.95502,0.226028,-1.13582
1.231,9.95525,0.224898,-1.13014
1.232,9.95547,0.223773,-1.12449
1.233,9.95569,0.222654,-1.11887
1.234,9.95591,0.221541,-1.11327
1.235,9.95613,0.220433,-1.1077
1.236,9.95635,0.219331,-1.10217
1.237,9.95657,0.218234,-1.09666
1.238,9.95679,0.217143,-1.09117
1.239,9.957,0.216058,-1.08572
1.24,9.95722,0.214977,-1.08029
1.241,9.95743,0.213902,-1.07489
1.242,9.95765,0.212833,-1.06951
1.243,9.95786,0.211769,-1.06416
1.244,9.95807,0.21071,-1.05884
1.245,9.95828,0.209656,-1.05355
1.246,9.95849,0.208608,-1.04828
1.247,9.95869,0.207565,-1.04304
1.248,9.9589,0.206527,-1.03782
1.249,9.95911,0.205495,-1.03264
1.25,9.95931,0.204467,-1.02747
1.251,9.95951,0.203445,-1.02234
1.252,9.95972,0.202428,-1.01722
1.253,9.95992,0.201415,-1.01214
1.254,9.96012,0.200408,-1.00708
1.255,9.96032,0.199406,-1.00204
1.256,9.96052,0.198409,-0.997031
1.257,9.96071,0.197417,-0.992046
1.258,9.96091,0.19643,-0.987086
1.259,9.96111,0.195448,-0.98215
1.26,9.9613,0.194471,-0.97724
1.261,9.96149,0.193498,-0.972353
1.262,9.96169,0.192531,-0.967492
1.263,9.96188,0.191568,-0.962654
1.264,9.96207,0.19061,-0.957841
1.265,9.96226,0.189657,-0.953052
1.266,9.96245,0.188709,-0.948287
1.267,9.96263,0.187765,-0.943545
1.268,9.96282,0.186827,-0.938827
1.269,9.96301,0.185893,-0.934133
1.27,9.96319,0.184963,-0.929463
1.271,9.96338,0.184038,-0.924815
1.272,9.96356,0.183118,-0.920191
1.273,9.96374,0.182202,-0.91559
1.274,9.96392,0.181291,-0.911012
1.275,9.9641,0.180385,-0.906457
1.276,9.96428,0.179483,-0.901925
1.277,9.96446,0.178586,-0.897415
1.278,9.96464,0.177693,-0.892928
1.279,9.96482,0.176804,-0.888464
1.28,9.96499,0.17592,-0.884021
1.281,9.96517,0.175041,-0.879601
1.282,9.96534,0.174165,-0.875203
1.283,9.96551,0.173295,-0.870827
1.284,9.96569,0.172428,-0.866473
1.285,9.96586,0.171566,-0.862141
1.286,9.96603,0.170708,-0.85783
1.287,9.9662,0.169855,-0.853541
1.288,9.96637,0.169005,-0.849273
1.289,9.96654,0.16816,-0.845027
1.29,9.9667,0.16732,-0.840802
1.291,9.96687,0.166483,-0.836598
1.292,9.96704,0.16565,-0.832415
1.293,9.9672,0.164822,-0.828252
1.294,9.96736,0.163998,-0.824111
1.295,9.96753,0.163178,-0.819991
1.296,9.96769,0.162362,-0.815891
1.297,9.96785,0.16155,-0.811811
1.298,9.96801,0.160743,-0.807752
1.299,9.96817,0.159939,-0.803713
1.3,9.96833,0.159139,-0.799695
1.301,9.96849,0.158344,-0.795696
1.302,9.96865,0.157552,-0.791718
1.303,9.9688,0.156764,-0.787759
1.304,9.96896,0.15598,-0.783821
1.305,9.96912,0.1552,-0.779901
1.306,9.96927,0.154424,-0.776002
1.307,9.96942,0.153652,-0.772122
1.308,9.96958,0.152884,-0.768261
1.309,9.96973,0.15212,-0.76442
1.31,9.96988,0.151359,-0.760598
1.311,9.97003,0.150602,-0.756795
1.312,9.97018,0.149849,-0.753011
1.313,9.97033,0.1491,-0.749246
1.314,9.97048,0.148354,-0.7455
1.315,9.97063,0.147613,-0.741772
1.316,9.97077,0.146875,-0.738063
1.317,9.97092,0.14614,-0.734373
1.318,9.97106,0.14541,-0.730701
1.319,9.97121,0.144682,-0.727048
1.32,9.97135,0.143959,-0.723412
1.321,9.9715,0.143239,-0.719795
1.322,9.97164,0.142523,-0.716196
1.323,9.97178,0.14181,-0.712615
1.324,9.97192,0.141101,-0.709052
1.325,9.97206,0.140396,-0.705507
1.326,9.9722,0.139694,-0.701979
1.327,9.97234,0.138995,-0.69847
1.328,9.97248,0.1383,-0.694977
1.329,9.97262,0.137609,-0.691502
1.33,9.97275,0.136921,-0.688045
1.331,9.97289,0.136236,-0.684605
1.332,9.97302,0.135555,-0.681182
1.333,9.97316,0.134877,-0.677776
1.334,9.97329,0.134203,-0.674387
1.335,9.97343,0.133532,-0.671015
1.336,9.97356,0.132864,-0.66766
1.337,9.97369,0.1322,-0.664321
1.338,9.97382,0.131539,-0.661
1.339,9.97395,0.130881,-0.657695
1.34,9.97408,0.130227,-0.654406
1.341,9.97421,0.129576,-0.651134
1.342,9.97434,0.128928,-0.647879
1.343,9.97447,0.128283,-0.644639
1.344,9.9746,0.127642,-0.641416
1.345,9.97473,0.127004,-0.638209
1.346,9.97485,0.126369,-0.635018
1.347,9.97498,0.125737,-0.631843
1.348,9.9751,0.125108,-0.628684
1.349,9.97523,0.124483,-0.62554
1.35,9.97535,0.12386,-0.622413
1.351,9.97548,0.123241,-0.619301
1.352,9.9756,0.122625,-0.616204
1.353,9.97572,0.122011,-0.613123
1.354,9.97584,0.121401,-0.610057
1.355,9.97596,0.120794,-0.607007
1.356,9.97608,0.12019,-0.603972
1.357,9.9762,0.119589,-0.600952
1.358,9.97632,0.118992,-0.597947
1.359,9.97644,0.118397,-0.594958
1.36,9.97656,0.117805,-0.591983
1.361,9.97667,0.117216,-0.589023
1.362,9.97679,0.116629,-0.586078
1.363,9.97691,0.116046,-0.583147
1.364,9.97702,0.115466,-0.580232
1.365,9.97714,0.114889,-0.577331
1.366,9.97725,0.114314,-0.574444
1.367,9.97737,0.113743,-0.571572
1.368,9.97748,0.113174,-0.568714
1.369,9.97759,0.112608,-0.56587
1.37,9.9777,0.112045,-0.563041
1.371,9.97781,0.111485,-0.560226
1.372,9.97793,0.110927,-0.557425
1.373,9.97804,0.110373,-0.554637
1.374,9.97815,0.109821,-0.551864
1.375,9.97825,0.109272,-0.549105
1.376,9.97836,0.108726,-0.546359
1.377,9.97847,0.108182,-0.543628
1.378,9.97858,0.107641,-0.54091
1.379,9.97869,0.107103,-0.538205
1.38,9.97879,0.106567,-0.535514
1.381,9.9789,0.106034,-0.532836
1.382,9.979,0.105504,-0.530172
1.383,9.97911,0.104977,-0.527521
1.384,9.97921,0.104452,-0.524884
1.385,9.97932,0.10393,-0.522259
1.386,9.97942,0.10341,-0.519648
1.387,9.97952,0.102893,-0.51705
1.388,9.97963,0.102378,-0.514465
1.389,9.97973,0.101867,-0.511892
1.39,9.97983,0.101357,-0.509333
1.391,9.97993,0.10085,-0.506786
1.392,9.98003,0.100346,-0.504252
1.393,9.98013,0.0998444,-0.501731
1.394,9.98023,0.0993452,-0.499222
1.395,9.98033,0.0988485,-0.496726
1.396,9.98043,0.0983543,-0.494242
1.397,9.98053,0.0978625,-0.491771
1.398,9.98062,0.0973732,-0.489312
1.399,9.98072,0.0968863,-0.486866
1.4,9.98082,0.0964019,-0.484432
1.401,9.98091,0.0959199,-0.482009
1.402,9.98101,0.0954403,-0.479599
1.403,9.9811,0.0949631,-0.477201
1.404,9.9812,0.0944882,-0.474815
1.405,9.98129,0.0940158,-0.472441
1.406,9.98138,0.0935457,-0.470079
1.407,9.98148,0.093078,-0.467729
1.408,9.98157,0.0926126,-0.46539
1.409,9.98166,0.0921495,-0.463063
1.41,9.98175,0.0916888,-0.460748
1.411,9.98185,0.0912304,-0.458444
1.412,9.98194,0.0907742,-0.456152
1.413,9.98203,0.0903203,-0.453871
1.414,9.98212,0.0898687,-0.451602
1.415,9.98221,0.0894194,-0.449344
1.416,9.98229,0.0889723,-0.447097
1.417,9.98238,0.0885274,-0.444861
1.418,9.98247,0.0880848,-0.442637
1.419,9.98256,0.0876444,-0.440424
1.42,9.98265,0.0872061,-0.438222
1.421,9.98273,0.0867701,-0.436031
1.422,9.98282,0.0863363,-0.433851
1.423,9.9829,0.0859046,-0.431681
1.424,9.98299,0.0854751,-0.429523
1.425,9.98308,0.0850477,-0.427375
1.426,9.98316,0.0846224,-0.425238
1.427,9.98324,0.0841993,-0.423112
1.428,9.98333,0.0837783,-0.420997
1.429,9.98341,0.0833594,-0.418892
1.43,9.98349,0.0829426,-0.416797
1.431,9.98358,0.0825279,-0.414713
1.432,9.98366,0.0821153,-0.41264
1.433,9.98374,0.0817047,-0.410576
1.434,9.98382,0.0812962,-0.408524
1.435,9.9839,0.0808897,-0.406481
1.436,9.98398,0.0804853,-0.404449
1.437,9.98406,0.0800828,-0.402426
1.438,9.98414,0.0796824,-0.400414
1.439,9.98422,0.079284,-0.398412
1.44,9.9843,0.0788876,-0.39642
1.441,9.98438,0.0784932,-0.394438
1.442,9.98446,0.0781007,-0.392466
1.443,9.98454,0.0777102,-0.390503
1.444,9.98461,0.0773216,-0.388551
1.445,9.98469,0.076935,-0.386608
1.446,9.98477,0.0765503,-0.384675
1.447,9.98484,0.0761676,-0.382752
1.448,9.98492,0.0757868,-0.380838
1.449,9.98499,0.0754078,-0.378934
1.45,9.98507,0.0750308,-0.377039
1.451,9.98514,0.0746556,-0.375154
1.452,9.98522,0.0742824,-0.373278
1.453,9.98529,0.0739109,-0.371412
1.454,9.98537,0.0735414,-0.369555
1.455,9.98544,0.0731737,-0.367707
1.456,9.98551,0.0728078,-0.365868
1.457,9.98558,0.0724438,-0.364039
1.458,9.98566,0.0720816,-0.362219
1.459,9.98573,0.0717211,-0.360408
1.46,9.9858,0.0713625,-0.358606
1.461,9.98587,0.0710057,-0.356813
1.462,9.98594,0.0706507,-0.355029
1.463,9.98601,0.0702974,-0.353254
1.464,9.98608,0.069946,-0.351487
1.465,9.98615,0.0695962,-0.34973
1.466,9.98622,0.0692482,-0.347981
1.467,9.98629,0.068902,-0.346241
1.468,9.98636,0.0685575,-0.34451
1.469,9.98643,0.0682147,-0.342787
1.47,9.98649,0.0678736,-0.341074
1.471,9.98656,0.0675343,-0.339368
1.472,9.98663,0.0671966,-0.337671
1.473,9.98669,0.0668606,-0.335983
1.474,9.98676,0.0665263,-0.334303
1.475,9.98683,0.0661937,-0.332632
1.476,9.98689,0.0658627,-0.330968
1.477,9.98696,0.0655334,-0.329314
1.478,9.98702,0.0652057,-0.327667
1.479,9.98709,0.0648797,-0.326029
1.48,9.98715,0.0645553,-0.324399
1.481,9.98722,0.0642325,-0.322777
1.482,9.98728,0.0639114,-0.321163
1.483,9.98735,0.0635918,-0.319557
1.484,9.98741,0.0632738,-0.317959
1.485,9.98747,0.0629575,-0.316369
1.486,9.98753,0.0626427,-0.314787
1.487,9.9876,0.0623295,-0.313213
1.488,9.98766,0.0620178,-0.311647
1.489,9.98772,0.0617077,-0.310089
1.49,9.98778,0.0613992,-0.308539
1.491,9.98784,0.0610922,-0.306996
1.492,9.9879,0.0607867,-0.305461
1.493,9.98796,0.0604828,-0.303934
1.494,9.98802,0.0601804,-0.302414
1.495,9.98808,0.0598795,-0.300902
1.496,9.98814,0.0595801,-0.299397
1.497,9.9882,0.0592822,-0.2979
1.498,9.98826,0.0589858,-0.296411
1.499,9.98832,0.0586909,-0.294929
1.5,9.98838,0.0583974,-0.293454
1.501,9.98844,0.0581054,-0.291987
1.502,9.98849,0.0578149,-0.290527
1.503,9.98855,0.0575258,-0.289074
1.504,9.98861,0.0572382,-0.287629
1.505,9.98867,0.056952,-0.286191
1.506,9.98872,0.0566672,-0.28476
1.507,9.98878,0.0563839,-0.283336
1.508,9.98884,0.056102,-0.281919
1.509,9.98889,0.0558215,-0.28051
1.51,9.98895,0.0555424,-0.279107
1.511,9.989,0.0552647,-0.277712
1.512,9.98906,0.0549883,-0.276323
1.513,9.98911,0.0547134,-0.274942
1.514,9.98917,0.0544398,-0.273567
1.515,9.98922,0.0541676,-0.272199
1.516,9.98927,0.0538968,-0.270838
1.517,9.98933,0.0536273,-0.269484
1.518,9.98938,0.0533592,-0.268136
1.519,9.98943,0.0530924,-0.266796
1.52,9.98949,0.0528269,-0.265462
1.521,9.98954,0.0525628,-0.264135
1.522,9.98959,0.0523,-0.262814
1.523,9.98964,0.0520385,-0.2615
1.524,9.9897,0.0517783,-0.260192
1.525,9.98975,0.0515194,-0.258891
1.526,9.9898,0.0512618,-0.257597
1.527,9.98985,0.0510055,-0.256309
1.528,9.9899,0.0507504,-0.255027
1.529,9.98995,0.0504967,-0.253752
1.53,9.99,0.0502442,-0.252483
1.531,9.99005,0.049993,-0.251221
1.532,9.9901,0.049743,-0.249965
1.533,9.99015,0.0494943,-0.248715
1.534,9.9902,0.0492468,-0.247472
1.535,9.99025,0.0490006,-0.246234
1.536,9.9903,0.0487556,-0.245003
1.537,9.99035,0.0485118,-0.243778
1.538,9.99039,0.0482693,-0.242559
1.539,9.99044,0.0480279,-0.241346
1.54,9.99049,0.0477878,-0.24014
1.541,9.99054,0.0475488,-0.238939
1.542,9.99059,0.0473111,-0.237744
1.543,9.99063,0.0470745,-0.236555
1.544,9.99068,0.0468392,-0.235373
1.545,9.99073,0.046605,-0.234196
1.546,9.99077,0.0463719,-0.233025
1.547,9.99082,0.0461401,-0.23186
1.548,9.99086,0.0459094,-0.2307
1.549,9.99091,0.0456798,-0.229547
1.55,9.99096,0.0454514,-0.228399
1.551,9.991,0.0452242,-0.227257
1.552,9.99105,0.0449981,-0.226121
1.553,9.99109,0.0447731,-0.22499
1.554,9.99113,0.0445492,-0.223865
1.555,9.99118,0.0443265,-0.222746
1.556,9.99122,0.0441048,-0.221632
1.557,9.99127,0.0438843,-0.220524
1.558,9.99131,0.0436649,-0.219421
1.559,9.99135,0.0434466,-0.218324
1.56,9.9914,0.0432293,-0.217233
1.561,9.99144,0.0430132,-0.216147
1.562,9.99148,0.0427981,-0.215066
1.563,9.99153,0.0425841,-0.213991
1.564,9.99157,0.0423712,-0.212921
1.565,9.99161,0.0421593,-0.211856
1.566,9.99165,0.0419485,-0.210797
1.567,9.99169,0.0417388,-0.209743
1.568,9.99174,0.0415301,-0.208694
1.569,9.99178,0.0413225,-0.207651
1.57,9.99182,0.0411158,-0.206612
1.571,9.99186,0.0409103,-0.205579
1.572,9.9919,0.0407057,-0.204551
1.573,9.99194,0.0405022,-0.203529
1.574,9.99198,0.0402997,-0.202511
1.575,9.99202,0.0400982,-0.201498
1.576,9.99206,0.0398977,-0.200491
1.577,9.9921,0.0396982,-0.199488
1.578,9.99214,0.0394997,-0.198491
1.579,9.99218,0.0393022,-0.197499
1.58,9.99222,0.0391057,-0.196511
1.581,9.99226,0.0389102,-0.195528
1.582,9.9923,0.0387156,-0.194551
1.583,9.99233,0.038522,-0.193578
1.584,9.99237,0.0383294,-0.19261
1.585,9.99241,0.0381378,-0.191647
1.586,9.99245,0.0379471,-0.190689
1.587,9.99249,0.0377574,-0.189735
1.588,9.99252,0.0375686,-0.188787
1.589,9.99256,0.0373807,-0.187843
1.59,9.9926,0.0371938,-0.186904
1.591,9.99264,0.0370079,-0.185969
1.592,9.99267,0.0368228,-0.185039
1.593,9.99271,0.0366387,-0.184114
1.594,9.99275,0.0364555,-0.183193
1.595,9.99278,0.0362732,-0.182278
1.596,9.99282,0.0360919,-0.181366
1.597,9.99285,0.0359114,-0.180459
1.598,9.99289,0.0357318,-0.179557
1.599,9.99292,0.0355532,-0.178659
1.6,9.99296,0.0353754,-0.177766
1.601,9.993,0.0351985,-0.176877
1.602,9.99303,0.0350226,-0.175993
1.603,9.99307,0.0348474,-0.175113
1.604,9.9931,0.0346732,-0.174237
1.605,9.99313,0.0344998,-0.173366
1.606,9.99317,0.0343273,-0.172499
1.607,9.9932,0.0341557,-0.171637
1.608,9.99324,0.0339849,-0.170778
1.609,9.99327,0.033815,-0.169925
1.61,9.9933,0.0336459,-0.169075
1.611,9.99334,0.0334777,-0.16823
1.612,9.99337,0.0333103,-0.167388
1.613,9.9934,0.0331438,-0.166552
1.614,9.99344,0.032978,-0.165719
1.615,9.99347,0.0328131,-0.16489
1.616,9.9935,0.0326491,-0.164066
1.617,9.99354,0.0324858,-0.163245
1.618,9.99357,0.0323234,-0.162429
1.619,9.9936,0.0321618,-0.161617
1.62,9.99363,0.032001,-0.160809
1.621,9.99366,0.031841,-0.160005
1.622,9.9937,0.0316818,-0.159205
1.623,9.99373,0.0315234,-0.158409
1.624,9.99376,0.0313657,-0.157617
1.625,9.99379,0.0312089,-0.156829
1.626,9.99382,0.0310529,-0.156045
1.627,9.99385,0.0308976,-0.155264
1.628,9.99388,0.0307431,-0.154488
1.629,9.99391,0.0305894,-0.153716
1.63,9.99394,0.0304365,-0.152947
1.631,9.99397,0.0302843,-0.152182
1.632,9.994,0.0301328,-0.151421
1.633,9.99403,0.0299822,-0.150664
1.634,9.99406,0.0298323,-0.149911
1.635,9.99409,0.0296831,-0.149161
1.636,9.99412,0.0295347,-0.148416
1.637,9.99415,0.029387,-0.147673
1.638,9.99418,0.0292401,-0.146935
1.639,9.99421,0.0290939,-0.1462
1.64,9.99424,0.0289484,-0.145469
1.641,9.99427,0.0288037,-0.144742
1.642,9.9943,0.0286597,-0.144018
1.643,9.99433,0.0285164,-0.143298
1.644,9.99435,0.0283738,-0.142582
1.645,9.99438,0.0282319,-0.141869
1.646,9.99441,0.0280907,-0.14116
1.647,9.99444,0.0279503,-0.140454
1.648,9.99447,0.0278105,-0.139751
1.649,9.99449,0.0276715,-0.139053
1.65,9.99452,0.0275331,-0.138357
1.651,9.99455,0.0273955,-0.137666
1.652,9.99458,0.0272585,-0.136977
1.653,9.9946,0.0271222,-0.136292
1.654,9.99463,0.0269866,-0.135611
1.655,9.99466,0.0268517,-0.134933
1.656,9.99468,0.0267174,-0.134258
1.657,9.99471,0.0265838,-0.133587
1.658,9.99474,0.0264509,-0.132919
1.659,9.99476,0.0263186,-0.132254
1.66,9.99479,0.026187,-0.131593
1.661,9.99481,0.0260561,-0.130935
1.662,9.99484,0.0259258,-0.130281
1.663,9.99487,0.0257962,-0.129629
1.664,9.99489,0.0256672,-0.128981
1.665,9.99492,0.0255389,-0.128336
1.666,9.99494,0.0254112,-0.127694
1.667,9.99497,0.0252841,-0.127056
1.668,9.99499,0.0251577,-0.126421
1.669,9.99502,0.0250319,-0.125789
1.67,9.99504,0.0249068,-0.12516
1.671,9.99507,0.0247822,-0.124534
1.672,9.99509,0.0246583,-0.123911
1.673,9.99512,0.024535,-0.123292
1.674,9.99514,0.0244124,-0.122675
1.675,9.99517,0.0242903,-0.122062
1.676,9.99519,0.0241688,-0.121451
1.677,9.99521,0.024048,-0.120844
1.678,9.99524,0.0239278,-0.12024
1.679,9.99526,0.0238081,-0.119639
1.68,9.99529,0.0236891,-0.119041
1.681,9.99531,0.0235706,-0.118445
1.682,9.99533,0.0234528,-0.117853
1.683,9.99536,0.0233355,-0.117264
1.684,9.99538,0.0232188,-0.116678
1.685,9.9954,0.0231027,-0.116094
1.686,9.99543,0.0229872,-0.115514
1.687,9.99545,0.0228723,-0.114936
1.688,9.99547,0.0227579,-0.114361
1.689,9.99549,0.0226441,-0.11379
1.69,9.99552,0.0225309,-0.113221
1.691,9.99554,0.0224183,-0.112655
1.692,9.99556,0.0223062,-0.112091
1.693,9.99558,0.0221946,-0.111531
1.694,9.99561,0.0220837,-0.110973
1.695,9.99563,0.0219732,-0.110418
1.696,9.99565,0.0218634,-0.109866
1.697,9.99567,0.0217541,-0.109317
1.698,9.99569,0.0216453,-0.10877
1.699,9.99571,0.0215371,-0.108226
1.7,9.99574,0.0214294,-0.107685
1.701,9.99576,0.0213222,-0.107147
1.702,9.99578,0.0212156,-0.106611
1.703,9.9958,0.0211095,-0.106078
1.704,9.99582,0.021004,-0.105548
1.705,9.99584,0.020899,-0.10502
1.706,9.99586,0.0207945,-0.104495
1.707,9.99588,0.0206905,-0.103972
1.708,9.9959,0.0205871,-0.103453
1.709,9.99592,0.0204841,-0.102935
1.71,9.99594,0.0203817,-0.102421
1.711,9.99596,0.0202798,-0.101909
1.712,9.99598,0.0201784,-0.101399
1.713,9.996,0.0200775,-0.100892
1.714,9.99602,0.0199771,-0.100388
1.715,9.99604,0.0198772,-0.0998856
1.716,9.99606,0.0197778,-0.0993862
1.717,9.99608,0.019679,-0.0988892
1.718,9.9961,0.0195806,-0.0983948
1.719,9.99612,0.0194827,-0.0979028
1.72,9.99614,0.0193852,-0.0974133
1.721,9.99616,0.0192883,-0.0969262
1.722,9.99618,0.0191919,-0.0964416
1.723,9.9962,0.0190959,-0.0959594
1.724,9.99622,0.0190004,-0.0954796
1.725,9.99624,0.0189054,-0.0950022
1.726,9.99626,0.0188109,-0.0945272
1.727,9.99628,0.0187169,-0.0940545
1.728,9.99629,0.0186233,-0.0935843
1.729,9.99631,0.0185302,-0.0931164
1.73,9.99633,0.0184375,-0.0926508
1.731,9.99635,0.0183453,-0.0921875
1.732,9.99637,0.0182536,-0.0917266
1.733,9.99639,0.0181623,-0.0912679
1.734,9.9964,0.0180715,-0.0908116
1.735,9.99642,0.0179812,-0.0903575
1.736,9.99644,0.0178912,-0.0899058
1.737,9.99646,0.0178018,-0.0894562
1.738,9.99648,0.0177128,-0.089009
1.739,9.99649,0.0176242,-0.0885639
1.74,9.99651,0.0175361,-0.0881211
1.741,9.99653,0.0174484,-0.0876805
1.742,9.99655,0.0173612,-0.0872421
1.743,9.99656,0.0172744,-0.0868059
1.744,9.99658,0.017188,-0.0863718
1.745,9.9966,0.0171021,-0.08594
1.746,9.99661,0.0170165,-0.0855103
1.747,9.99663,0.0169315,-0.0850827
1.748,9.99665,0.0168468,-0.0846573
1.749,9.99666,0.0167626,-0.084234
1.75,9.99668,0.0166788,-0.0838129
1.751,9.9967,0.0165954,-0.0833938
1.752,9.99671,0.0165124,-0.0829768
1.753,9.99673,0.0164298,-0.0825619
1.754,9.99675,0.0163477,-0.0821491
1.755,9.99676,0.0162659,-0.0817384
1.756,9.99678,0.0161846,-0.0813297
1.757,9.9968,0.0161037,-0.080923
1.758,9.99681,0.0160232,-0.0805184
1.759,9.99683,0.0159431,-0.0801158
1.76,9.99684,0.0158633,-0.0797153
1.761,9.99686,0.015784,-0.0793167
1.762,9.99687,0.0157051,-0.0789201
1.763,9.99689,0.0156266,-0.0785255
1.764,9.99691,0.0155484,-0.0781329
1.765,9.99692,0.0154707,-0.0777422
1.766,9.99694,0.0153933,-0.0773535
1.767,9.99695,0.0153164,-0.0769667
1.768,9.99697,0.0152398,-0.0765819
1.769,9.99698,0.0151636,-0.076199
1.77,9.997,0.0150878,-0.075818
1.771,9.99701,0.0150123,-0.0754389
1.772,9.99703,0.0149373,-0.0750617
1.773,9.99704,0.0148626,-0.0746864
1.774,9.99706,0.0147883,-0.074313
1.775,9.99707,0.0147143,-0.0739414
1.776,9.99709,0.0146408,-0.0735717
1.777,9.9971,0.0145676,-0.0732038
1.778,9.99712,0.0144947,-0.0728378
1.779,9.99713,0.0144223,-0.0724736
1.78,9.99714,0.0143501,-0.0721113
1.781,9.99716,0.0142784,-0.0717507
1.782,9.99717,0.014207,-0.0713919
1.783,9.99719,0.014136,-0.071035
1.784,9.9972,0.0140653,-0.0706798
1.785,9.99722,0.013995,-0.0703264
1.786,9.99723,0.013925,-0.0699748
1.787,9.99724,0.0138554,-0.0696249
1.788,9.99726,0.0137861,-0.0692768
1.789,9.99727,0.0137171,-0.0689304
1.79,9.99728,0.0136486,-0.0685857
1.791,9.9973,0.0135803,-0.0682428
1.792,9.99731,0.0135124,-0.0679016
1.793,9.99732,0.0134449,-0.0675621
1.794,9.99734,0.0133776,-0.0672243
1.795,9.99735,0.0133107,-0.0668882
1.796,9.99736,0.0132442,-0.0665537
1.797,9.99738,0.013178,-0.066221
1.798,9.99739,0.0131121,-0.0658899
1.799,9.9974,0.0130465,-0.0655604
1.8,9.99742,0.0129813,-0.0652326
1.801,9.99743,0.0129164,-0.0649064
1.802,9.99744,0.0128518,-0.0645819
1.803,9.99746,0.0127875,-0.064259
1.804,9.99747,0.0127236,-0.0639377
1.805,9.99748,0.01266,-0.063618
1.806,9.99749,0.0125967,-0.0632999
1.807,9.99751,0.0125337,-0.0629834
1.808,9.99752,0.012471,-0.0626685
1.809,9.99753,0.0124087,-0.0623552
1.81,9.99754,0.0123466,-0.0620434
1.811,9.99756,0.0122849,-0.0617332
1.812,9.99757,0.0122235,-0.0614245
1.813,9.99758,0.0121624,-0.0611174
1.814,9.99759,0.0121015,-0.0608118
1.815,9.9976,0.012041,-0.0605077
1.816,9.99762,0.0119808,-0.0602052
1.817,9.99763,0.0119209,-0.0599042
1.818,9.99764,0.0118613,-0.0596046
1.819,9.99765,0.011802,-0.0593066
1.82,9.99766,0.011743,-0.0590101
1.821,9.99767,0.0116843,-0.058715
1.822,9.99769,0.0116259,-0.0584215
1.823,9.9977,0.0115677,-0.0581294
1.824,9.99771,0.0115099,-0.0578387
1.825,9.99772,0.0114524,-0.0575495
1.826,9.99773,0.0113951,-0.0572618
1.827,9.99774,0.0113381,-0.0569755
1.828,9.99775,0.0112814,-0.0566906
1.829,9.99777,0.011225,-0.0564071
1.83,9.99778,0.0111689,-0.0561251
1.831,9.99779,0.011113,-0.0558445
1.832,9.9978,0.0110575,-0.0555652
1.833,9.99781,0.0110022,-0.0552874
1.834,9.99782,0.0109472,-0.055011
1.835,9.99783,0.0108925,-0.0547359
1.836,9.99784,0.010838,-0.0544623
1.837,9.99785,0.0107838,-0.0541899
1.838,9.99786,0.0107299,-0.053919
1.839,9.99788,0.0106762,-0.0536494
1.84,9.99789,0.0106228,-0.0533811
1.841,9.9979,0.0105697,-0.0531142
1.842,9.99791,0.0105169,-0.0528487
1.843,9.99792,0.0104643,-0.0525844
1.844,9.99793,0.010412,-0.0523215
1.845,9.99794,0.0103599,-0.0520599
1.846,9.99795,0.0103081,-0.0517996
1.847,9.99796,0.0102566,-0.0515406
1.848,9.99797,0.0102053,-0.0512829
1.849,9.99798,0.0101543,-0.0510265
1.85,9.99799,0.0101035,-0.0507714
1.851,9.998,0.010053,-0.0505175
1.852,9.99801,0.0100027,-0.0502649
1.853,9.99802,0.0099527,-0.0500136
1.854,9.99803,0.00990294,-0.0497635
1.855,9.99804,0.00985342,-0.0495147
1.856,9.99805,0.00980416,-0.0492671
1.857,9.99806,0.00975514,-0.0490208
1.858,9.99807,0.00970636,-0.0487757
1.859,9.99808,0.00965783,-0.0485318
1.86,9.99809,0.00960954,-0.0482891
1.861,9.9981,0.00956149,-0.0480477
1.862,9.99811,0.00951369,-0.0478075
1.863,9.99812,0.00946612,-0.0475684
1.864,9.99813,0.00941879,-0.0473306
1.865,9.99814,0.00937169,-0.0470939
1.866,9.99814,0.00932483,-0.0468585
1.867,9.99815,0.00927821,-0.0466242
1.868,9.99816,0.00923182,-0.046391
1.869,9.99817,0.00918566,-0.0461591
1.87,9.99818,0.00913973,-0.0459283
1.871,9.99819,0.00909403,-0.0456987
1.872,9.9982,0.00904856,-0.0454702
1.873,9.99821,0.00900332,-0.0452428
1.874,9.99822,0.0089583,-0.0450166
1.875,9.99823,0.00891351,-0.0447915
1.876,9.99824,0.00886894,-0.0445676
1.877,9.99824,0.0088246,-0.0443447
1.878,9.99825,0.00878048,-0.044123
1.879,9.99826,0.00873657,-0.0439024
1.88,9.99827,0.00869289,-0.0436829
1.881,9.99828,0.00864943,-0.0434645
1.882,9.99829,0.00860618,-0.0432471
1.883,9.9983,0.00856315,-0.0430309
1.884,9.9983,0.00852033,-0.0428157
1.885,9.99831,0.00847773,-0.0426017
1.886,9.99832,0.00843534,-0.0423887
1.887,9.99833,0.00839317,-0.0421767
1.888,9.99834,0.0083512,-0.0419658
1.889,9.99835,0.00830944,-0.041756
1.89,9.99835,0.0082679,-0.0415472
1.891,9.99836,0.00822656,-0.0413395
1.892,9.99837,0.00818542,-0.0411328
1.893,9.99838,0.0081445,-0.0409271
1.894,9.99839,0.00810377,-0.0407225
1.895,9.9984,0.00806326,-0.0405189
1.896,9.9984,0.00802294,-0.0403163
1.897,9.99841,0.00798282,-0.0401147
1.898,9.99842,0.00794291,-0.0399141
1.899,9.99843,0.0079032,-0.0397146
1.9,9.99844,0.00786368,-0.039516
1.901,9.99844,0.00782436,-0.0393184
1.902,9.99845,0.00778524,-0.0391218
1.903,9.99846,0.00774631,-0.0389262
1.904,9.99847,0.00770758,-0.0387316
1.905,9.99847,0.00766904,-0.0385379
1.906,9.99848,0.0076307,-0.0383452
1.907,9.99849,0.00759255,-0.0381535
1.908,9.9985,0.00755458,-0.0379627
1.909,9.9985,0.00751681,-0.0377729
1.91,9.99851,0.00747923,-0.037584
1.911,9.99852,0.00744183,-0.0373961
1.912,9.99853,0.00740462,-0.0372091
1.913,9.99853,0.0073676,-0.0370231
1.914,9.99854,0.00733076,-0.036838
1.915,9.99855,0.00729411,-0.0366538
1.916,9.99856,0.00725764,-0.0364705
1.917,9.99856,0.00722135,-0.0362882
1.918,9.99857,0.00718524,-0.0361067
1.919,9.99858,0.00714931,-0.0359262
1.92,9.99858,0.00711357,-0.0357466
1.921,9.99859,0.007078,-0.0355678
1.922,9.9986,0.00704261,-0.03539
1.923,9.99861,0.0070074,-0.035213
1.924,9.99861,0.00697236,-0.035037
1.925,9.99862,0.0069375,-0.0348618
1.926,9.99863,0.00690281,-0.0346875
1.927,9.99863,0.0068683,-0.0345141
1.928,9.99864,0.00683395,-0.0343415
1.929,9.99865,0.00679978,-0.0341698
1.93,9.99865,0.00676579,-0.0339989
1.931,9.99866,0.00673196,-0.0338289
1.932,9.99867,0.0066983,-0.0336598
1.933,9.99867,0.00666481,-0.0334915
1.934,9.99868,0.00663148,-0.033324
1.935,9.99869,0.00659832,-0.0331574
1.936,9.99869,0.00656533,-0.0329916
1.937,9.9987,0.00653251,-0.0328267
1.938,9.99871,0.00649984,-0.0326625
1.939,9.99871,0.00646734,-0.0324992
1.94,9.99872,0.00643501,-0.0323367
1.941,9.99873,0.00640283,-0.032175
1.942,9.99873,0.00637082,-0.0320142
1.943,9.99874,0.00633896,-0.0318541
1.944,9.99874,0.00630727,-0.0316948
1.945,9.99875,0.00627573,-0.0315363
1.946,9.99876,0.00624435,-0.0313787
1.947,9.99876,0.00621313,-0.0312218
1.948,9.99877,0.00618207,-0.0310657
1.949,9.99878,0.00615116,-0.0309103
1.95,9.99878,0.0061204,-0.0307558
1.951,9.99879,0.0060898,-0.030602
1.952,9.99879,0.00605935,-0.030449
1.953,9.9988,0.00602905,-0.0302967
1.954,9.99881,0.00599891,-0.0301453
1.955,9.99881,0.00596891,-0.0299945
1.956,9.99882,0.00593907,-0.0298446
1.957,9.99882,0.00590937,-0.0296953
1.958,9.99883,0.00587983,-0.0295469
1.959,9.99884,0.00585043,-0.0293991
1.96,9.99884,0.00582118,-0.0292521
1.961,9.99885,0.00579207,-0.0291059
1.962,9.99885,0.00576311,-0.0289603
1.963,9.99886,0.00573429,-0.0288155
1.964,9.99886,0.00570562,-0.0286715
1.965,9.99887,0.00567709,-0.0285281
1.966,9.99888,0.00564871,-0.0283855
1.967,9.99888,0.00562046,-0.0282435
1.968,9.99889,0.00559236,-0.0281023
1.969,9.99889,0.0055644,-0.0279618
1.97,9.9989,0.00553658,-0.027822
1.971,9.9989,0.0055089,-0.0276829
1.972,9.99891,0.00548135,-0.0275445
1.973,9.99891,0.00545394,-0.0274068
1.974,9.99892,0.00542668,-0.0272697
1.975,9.99893,0.00539954,-0.0271334
1.976,9.99893,0.00537254,-0.0269977
1.977,9.99894,0.00534568,-0.0268627
1.978,9.99894,0.00531895,-0.0267284
1.979,9.99895,0.00529236,-0.0265948
1.98,9.99895,0.0052659,-0.0264618
1.981,9.99896,0.00523957,-0.0263295
1.982,9.99896,0.00521337,-0.0261978
1.983,9.99897,0.0051873,-0.0260668
1.984,9.99897,0.00516137,-0.0259365
1.985,9.99898,0.00513556,-0.0258068
1.986,9.99898,0.00510988,-0.0256778
1.987,9.99899,0.00508433,-0.0255494
1.988,9.99899,0.00505891,-0.0254217
1.989,9.999,0.00503362,-0.0252945
1.99,9.999,0.00500845,-0.0251681
1.991,9.99901,0.00498341,-0.0250422
1.992,9.99901,0.00495849,-0.024917
1.993,9.99902,0.0049337,-0.0247924
1.994,9.99902,0.00490903,-0.0246685
1.995,9.99903,0.00488448,-0.0245451
1.996,9.99903,0.00486006,-0.0244224
1.997,9.99904,0.00483576,-0.0243003
1.998,9.99904,0.00481158,-0.0241788
1.999,9.99905,0.00478752,-0.0240579
