Time,TCP_Z,Error_Z,Joint_V_Norm
0,0.651502,0.0999982,0.288141
0.001,0.651505,0.0999947,0.576281
0.002,0.65151,0.0999897,0.72393
0.003,0.651515,0.0999847,0.723933
0.004,0.65152,0.0999797,0.723936
0.005,0.651525,0.0999747,0.72394
0.006,0.65153,0.0999697,0.723943
0.007,0.651535,0.0999647,0.723947
0.008,0.65154,0.0999598,0.72395
0.009,0.651545,0.0999548,0.723954
0.01,0.65155,0.0999498,0.723957
0.011,0.651555,0.0999448,0.723961
0.012,0.65156,0.0999398,0.723964
0.013,0.651565,0.0999348,0.723968
0.014,0.65157,0.0999298,0.723971
0.015,0.651575,0.0999248,0.723975
0.016,0.65158,0.0999198,0.723978
0.017,0.651585,0.0999148,0.723982
0.018,0.65159,0.0999098,0.723985
0.019,0.651595,0.0999048,0.723988
0.02,0.6516,0.0998998,0.723992
0.021,0.651605,0.0998948,0.723995
0.022,0.65161,0.0998898,0.723999
0.023,0.651615,0.0998848,0.724002
0.024,0.65162,0.0998798,0.724006
0.025,0.651625,0.0998748,0.724009
0.026,0.65163,0.0998698,0.724013
0.027,0.651635,0.0998648,0.724016
0.028,0.65164,0.0998598,0.72402
0.029,0.651645,0.0998548,0.724023
0.03,0.65165,0.0998498,0.724026
0.031,0.651655,0.0998448,0.72403
0.032,0.65166,0.0998398,0.724033
0.033,0.651665,0.0998348,0.724037
0.034,0.65167,0.0998298,0.72404
0.035,0.651675,0.0998248,0.724044
0.036,0.65168,0.0998198,0.724047
0.037,0.651685,0.0998148,0.724051
0.038,0.65169,0.0998098,0.724054
0.039,0.651695,0.0998049,0.724057
0.04,0.6517,0.0997999,0.724061
0.041,0.651705,0.0997949,0.724064
0.042,0.65171,0.0997899,0.724068
0.043,0.651715,0.0997849,0.724071
0.044,0.65172,0.0997799,0.724075
0.045,0.651725,0.0997749,0.724078
0.046,0.65173,0.0997699,0.724082
0.047,0.651735,0.0997649,0.724085
0.048,0.65174,0.0997599,0.724088
0.049,0.651745,0.0997549,0.724092
0.05,0.65175,0.0997499,0.724095
0.051,0.651755,0.0997449,0.724099
0.052,0.65176,0.0997399,0.724102
0.053,0.651765,0.0997349,0.724106
0.054,0.65177,0.0997299,0.724109
0.055,0.651775,0.0997249,0.724112
0.056,0.65178,0.0997199,0.724116
0.057,0.651785,0.0997149,0.724119
0.058,0.65179,0.0997099,0.724123
0.059,0.651795,0.0997049,0.724126
0.06,0.6518,0.0996999,0.724129
0.061,0.651805,0.0996949,0.724133
0.062,0.65181,0.0996899,0.724136
0.063,0.651815,0.0996849,0.72414
0.064,0.65182,0.0996799,0.724143
0.065,0.651825,0.0996749,0.724147
0.066,0.65183,0.0996699,0.72415
0.067,0.651835,0.0996649,0.724153
0.068,0.65184,0.0996599,0.724157
0.069,0.651845,0.0996549,0.72416
0.07,0.65185,0.0996499,0.724164
0.071,0.651855,0.099645,0.724167
0.072,0.65186,0.09964,0.72417
0.073,0.651865,0.099635,0.724174
0.074,0.65187,0.09963,0.724177
0.075,0.651875,0.099625,0.724181
0.076,0.65188,0.09962,0.724184
0.077,0.651885,0.099615,0.724188
0.078,0.65189,0.09961,0.724191
0.079,0.651895,0.099605,0.724194
0.08,0.6519,0.0996,0.724198
0.081,0.651905,0.099595,0.724201
0.082,0.65191,0.09959,0.724205
0.083,0.651915,0.099585,0.724208
0.084,0.65192,0.09958,0.724211
0.085,0.651925,0.099575,0.724215
0.086,0.65193,0.09957,0.724218
0.087,0.651935,0.099565,0.724222
0.088,0.65194,0.09956,0.724225
0.089,0.651945,0.099555,0.724228
0.09,0.65195,0.09955,0.724232
0.091,0.651955,0.099545,0.724235
0.092,0.65196,0.09954,0.724238
0.093,0.651965,0.099535,0.724242
0.094,0.65197,0.09953,0.724245
0.095,0.651975,0.099525,0.724249
0.096,0.65198,0.09952,0.724252
0.097,0.651985,0.099515,0.724255
0.098,0.65199,0.09951,0.724259
0.099,0.651995,0.099505,0.724262
0.1,0.652,0.0995,0.724266
0.101,0.652005,0.099495,0.724269
0.102,0.65201,0.0994901,0.724272
0.103,0.652015,0.0994851,0.724276
0.104,0.65202,0.0994801,0.724279
0.105,0.652025,0.0994751,0.724283
0.106,0.65203,0.0994701,0.724286
0.107,0.652035,0.0994651,0.724289
0.108,0.65204,0.0994601,0.724293
0.109,0.652045,0.0994551,0.724296
0.11,0.65205,0.0994501,0.724299
0.111,0.652055,0.0994451,0.724303
0.112,0.65206,0.0994401,0.724306
0.113,0.652065,0.0994351,0.72431
0.114,0.65207,0.0994301,0.724313
0.115,0.652075,0.0994251,0.724316
0.116,0.65208,0.0994201,0.72432
0.117,0.652085,0.0994151,0.724323
0.118,0.65209,0.0994101,0.724326
0.119,0.652095,0.0994051,0.72433
0.12,0.6521,0.0994001,0.724333
0.121,0.652105,0.0993951,0.724337
0.122,0.65211,0.0993901,0.72434
0.123,0.652115,0.0993851,0.724343
0.124,0.65212,0.0993801,0.724347
0.125,0.652125,0.0993751,0.72435
0.126,0.65213,0.0993701,0.724353
0.127,0.652135,0.0993651,0.724357
0.128,0.65214,0.0993601,0.72436
0.129,0.652145,0.0993551,0.724363
0.13,0.65215,0.0993501,0.724367
0.131,0.652155,0.0993451,0.72437
0.132,0.65216,0.0993401,0.724374
0.133,0.652165,0.0993352,0.724377
0.134,0.65217,0.0993302,0.72438
0.135,0.652175,0.0993252,0.724384
0.136,0.65218,0.0993202,0.724387
0.137,0.652185,0.0993152,0.72439
0.138,0.65219,0.0993102,0.724394
0.139,0.652195,0.0993052,0.724397
0.14,0.6522,0.0993002,0.7244
0.141,0.652205,0.0992952,0.724404
0.142,0.65221,0.0992902,0.724407
0.143,0.652215,0.0992852,0.72441
0.144,0.65222,0.0992802,0.724414
0.145,0.652225,0.0992752,0.724417
0.146,0.65223,0.0992702,0.724421
0.147,0.652235,0.0992652,0.724424
0.148,0.65224,0.0992602,0.724427
0.149,0.652245,0.0992552,0.724431
0.15,0.65225,0.0992502,0.724434
0.151,0.652255,0.0992452,0.724437
0.152,0.65226,0.0992402,0.724441
0.153,0.652265,0.0992352,0.724444
0.154,0.65227,0.0992302,0.724447
0.155,0.652275,0.0992252,0.724451
0.156,0.65228,0.0992202,0.724454
0.157,0.652285,0.0992152,0.724457
0.158,0.65229,0.0992102,0.724461
0.159,0.652295,0.0992052,0.724464
0.16,0.6523,0.0992002,0.724467
0.161,0.652305,0.0991952,0.724471
0.162,0.65231,0.0991902,0.724474
0.163,0.652315,0.0991852,0.724477
0.164,0.65232,0.0991802,0.724481
0.165,0.652325,0.0991753,0.724484
0.166,0.65233,0.0991703,0.724487
0.167,0.652335,0.0991653,0.724491
0.168,0.65234,0.0991603,0.724494
0.169,0.652345,0.0991553,0.724497
0.17,0.65235,0.0991503,0.724501
0.171,0.652355,0.0991453,0.724504
0.172,0.65236,0.0991403,0.724507
0.173,0.652365,0.0991353,0.724511
0.174,0.65237,0.0991303,0.724514
0.175,0.652375,0.0991253,0.724517
0.176,0.65238,0.0991203,0.724521
0.177,0.652385,0.0991153,0.724524
0.178,0.65239,0.0991103,0.724527
0.179,0.652395,0.0991053,0.724531
0.18,0.6524,0.0991003,0.724534
0.181,0.652405,0.0990953,0.724537
0.182,0.65241,0.0990903,0.724541
0.183,0.652415,0.0990853,0.724544
0.184,0.65242,0.0990803,0.724547
0.185,0.652425,0.0990753,0.724551
0.186,0.65243,0.0990703,0.724554
0.187,0.652435,0.0990653,0.724557
0.188,0.65244,0.0990603,0.724561
0.189,0.652445,0.0990553,0.724564
0.19,0.65245,0.0990503,0.724567
0.191,0.652455,0.0990453,0.724571
0.192,0.65246,0.0990403,0.724574
0.193,0.652465,0.0990353,0.724577
0.194,0.65247,0.0990303,0.72458
0.195,0.652475,0.0990253,0.724584
0.196,0.65248,0.0990204,0.724587
0.197,0.652485,0.0990154,0.72459
0.198,0.65249,0.0990104,0.724594
0.199,0.652495,0.0990054,0.724597
0.2,0.6525,0.0990004,0.7246
0.201,0.652505,0.0989954,0.724604
0.202,0.65251,0.0989904,0.724607
0.203,0.652515,0.0989854,0.72461
0.204,0.65252,0.0989804,0.724614
0.205,0.652525,0.0989754,0.724617
0.206,0.65253,0.0989704,0.72462
0.207,0.652535,0.0989654,0.724624
0.208,0.65254,0.0989604,0.724627
0.209,0.652545,0.0989554,0.72463
0.21,0.65255,0.0989504,0.724633
0.211,0.652555,0.0989454,0.724637
0.212,0.65256,0.0989404,0.72464
0.213,0.652565,0.0989354,0.724643
0.214,0.65257,0.0989304,0.724647
0.215,0.652575,0.0989254,0.72465
0.216,0.65258,0.0989204,0.724653
0.217,0.652585,0.0989154,0.724657
0.218,0.65259,0.0989104,0.72466
0.219,0.652595,0.0989054,0.724663
0.22,0.6526,0.0989004,0.724666
0.221,0.652605,0.0988954,0.72467
0.222,0.65261,0.0988904,0.724673
0.223,0.652615,0.0988854,0.724676
0.224,0.65262,0.0988804,0.72468
0.225,0.652625,0.0988754,0.724683
0.226,0.65263,0.0988704,0.724686
0.227,0.652635,0.0988655,0.72469
0.228,0.65264,0.0988605,0.724693
0.229,0.652645,0.0988555,0.724696
0.23,0.65265,0.0988505,0.724699
0.231,0.652655,0.0988455,0.724703
0.232,0.65266,0.0988405,0.724706
0.233,0.652665,0.0988355,0.724709
0.234,0.65267,0.0988305,0.724713
0.235,0.652675,0.0988255,0.724716
0.236,0.65268,0.0988205,0.724719
0.237,0.652685,0.0988155,0.724722
0.238,0.65269,0.0988105,0.724726
0.239,0.652695,0.0988055,0.724729
0.24,0.6527,0.0988005,0.724732
0.241,0.652705,0.0987955,0.724736
0.242,0.65271,0.0987905,0.724739
0.243,0.652714,0.0987855,0.724742
0.244,0.652719,0.0987805,0.724745
0.245,0.652724,0.0987755,0.724749
0.246,0.652729,0.0987705,0.724752
0.247,0.652734,0.0987655,0.724755
0.248,0.652739,0.0987605,0.724759
0.249,0.652744,0.0987555,0.724762
0.25,0.652749,0.0987505,0.724765
0.251,0.652754,0.0987455,0.724768
0.252,0.652759,0.0987405,0.724772
0.253,0.652764,0.0987355,0.724775
0.254,0.652769,0.0987305,0.724778
0.255,0.652774,0.0987255,0.724782
0.256,0.652779,0.0987205,0.724785
0.257,0.652784,0.0987155,0.724788
0.258,0.652789,0.0987106,0.724791
0.259,0.652794,0.0987056,0.724795
0.26,0.652799,0.0987006,0.724798
0.261,0.652804,0.0986956,0.724801
0.262,0.652809,0.0986906,0.724804
0.263,0.652814,0.0986856,0.724808
0.264,0.652819,0.0986806,0.724811
0.265,0.652824,0.0986756,0.724814
0.266,0.652829,0.0986706,0.724818
0.267,0.652834,0.0986656,0.724821
0.268,0.652839,0.0986606,0.724824
0.269,0.652844,0.0986556,0.724827
0.27,0.652849,0.0986506,0.724831
0.271,0.652854,0.0986456,0.724834
0.272,0.652859,0.0986406,0.724837
0.273,0.652864,0.0986356,0.72484
0.274,0.652869,0.0986306,0.724844
0.275,0.652874,0.0986256,0.724847
0.276,0.652879,0.0986206,0.72485
0.277,0.652884,0.0986156,0.724853
0.278,0.652889,0.0986106,0.724857
0.279,0.652894,0.0986056,0.72486
0.28,0.652899,0.0986006,0.724863
0.281,0.652904,0.0985956,0.724867
0.282,0.652909,0.0985906,0.72487
0.283,0.652914,0.0985856,0.724873
0.284,0.652919,0.0985806,0.724876
0.285,0.652924,0.0985756,0.72488
0.286,0.652929,0.0985706,0.724883
0.287,0.652934,0.0985656,0.724886
0.288,0.652939,0.0985606,0.724889
0.289,0.652944,0.0985557,0.724893
0.29,0.652949,0.0985507,0.724896
0.291,0.652954,0.0985457,0.724899
0.292,0.652959,0.0985407,0.724902
0.293,0.652964,0.0985357,0.724906
0.294,0.652969,0.0985307,0.724909
0.295,0.652974,0.0985257,0.724912
0.296,0.652979,0.0985207,0.724915
0.297,0.652984,0.0985157,0.724919
0.298,0.652989,0.0985107,0.724922
0.299,0.652994,0.0985057,0.724925
0.3,0.652999,0.0985007,0.724928
0.301,0.653004,0.0984957,0.724932
0.302,0.653009,0.0984907,0.724935
0.303,0.653014,0.0984857,0.724938
0.304,0.653019,0.0984807,0.724941
0.305,0.653024,0.0984757,0.724945
0.306,0.653029,0.0984707,0.724948
0.307,0.653034,0.0984657,0.724951
0.308,0.653039,0.0984607,0.724954
0.309,0.653044,0.0984557,0.724958
0.31,0.653049,0.0984507,0.724961
0.311,0.653054,0.0984457,0.724964
0.312,0.653059,0.0984407,0.724967
0.313,0.653064,0.0984357,0.724971
0.314,0.653069,0.0984307,0.724974
0.315,0.653074,0.0984257,0.724977
0.316,0.653079,0.0984207,0.72498
0.317,0.653084,0.0984157,0.724984
0.318,0.653089,0.0984107,0.724987
0.319,0.653094,0.0984057,0.72499
0.32,0.653099,0.0984007,0.724993
0.321,0.653104,0.0983958,0.724997
0.322,0.653109,0.0983908,0.725
0.323,0.653114,0.0983858,0.725003
0.324,0.653119,0.0983808,0.725006
0.325,0.653124,0.0983758,0.72501
0.326,0.653129,0.0983708,0.725013
0.327,0.653134,0.0983658,0.725016
0.328,0.653139,0.0983608,0.725019
0.329,0.653144,0.0983558,0.725023
0.33,0.653149,0.0983508,0.725026
0.331,0.653154,0.0983458,0.725029
0.332,0.653159,0.0983408,0.725032
0.333,0.653164,0.0983358,0.725036
0.334,0.653169,0.0983308,0.725039
0.335,0.653174,0.0983258,0.725042
0.336,0.653179,0.0983208,0.725045
0.337,0.653184,0.0983158,0.725048
0.338,0.653189,0.0983108,0.725052
0.339,0.653194,0.0983058,0.725055
0.34,0.653199,0.0983008,0.725058
0.341,0.653204,0.0982958,0.725061
0.342,0.653209,0.0982908,0.725065
0.343,0.653214,0.0982858,0.725068
0.344,0.653219,0.0982808,0.725071
0.345,0.653224,0.0982758,0.725074
0.346,0.653229,0.0982708,0.725078
0.347,0.653234,0.0982658,0.725081
0.348,0.653239,0.0982608,0.725084
0.349,0.653244,0.0982558,0.725087
0.35,0.653249,0.0982508,0.72509
0.351,0.653254,0.0982458,0.725094
0.352,0.653259,0.0982409,0.725097
0.353,0.653264,0.0982359,0.7251
0.354,0.653269,0.0982309,0.725103
0.355,0.653274,0.0982259,0.725107
0.356,0.653279,0.0982209,0.72511
0.357,0.653284,0.0982159,0.725113
0.358,0.653289,0.0982109,0.725116
0.359,0.653294,0.0982059,0.725119
0.36,0.653299,0.0982009,0.725123
0.361,0.653304,0.0981959,0.725126
0.362,0.653309,0.0981909,0.725129
0.363,0.653314,0.0981859,0.725132
0.364,0.653319,0.0981809,0.725136
0.365,0.653324,0.0981759,0.725139
0.366,0.653329,0.0981709,0.725142
0.367,0.653334,0.0981659,0.725145
0.368,0.653339,0.0981609,0.725148
0.369,0.653344,0.0981559,0.725152
0.37,0.653349,0.0981509,0.725155
0.371,0.653354,0.0981459,0.725158
0.372,0.653359,0.0981409,0.725161
0.373,0.653364,0.0981359,0.725165
0.374,0.653369,0.0981309,0.725168
0.375,0.653374,0.0981259,0.725171
0.376,0.653379,0.0981209,0.725174
0.377,0.653384,0.0981159,0.725177
0.378,0.653389,0.0981109,0.725181
0.379,0.653394,0.0981059,0.725184
0.38,0.653399,0.0981009,0.725187
0.381,0.653404,0.0980959,0.72519
0.382,0.653409,0.0980909,0.725194
0.383,0.653414,0.098086,0.725197
0.384,0.653419,0.098081,0.7252
0.385,0.653424,0.098076,0.725203
0.386,0.653429,0.098071,0.725206
0.387,0.653434,0.098066,0.72521
0.388,0.653439,0.098061,0.725213
0.389,0.653444,0.098056,0.725216
0.39,0.653449,0.098051,0.725219
0.391,0.653454,0.098046,0.725222
0.392,0.653459,0.098041,0.725226
0.393,0.653464,0.098036,0.725229
0.394,0.653469,0.098031,0.725232
0.395,0.653474,0.098026,0.725235
0.396,0.653479,0.098021,0.725238
0.397,0.653484,0.098016,0.725242
0.398,0.653489,0.098011,0.725245
0.399,0.653494,0.098006,0.725248
0.4,0.653499,0.098001,0.725251
0.401,0.653504,0.097996,0.725255
0.402,0.653509,0.097991,0.725258
0.403,0.653514,0.097986,0.725261
0.404,0.653519,0.097981,0.725264
0.405,0.653524,0.097976,0.725267
0.406,0.653529,0.097971,0.725271
0.407,0.653534,0.097966,0.725274
0.408,0.653539,0.097961,0.725277
0.409,0.653544,0.097956,0.72528
0.41,0.653549,0.097951,0.725283
0.411,0.653554,0.097946,0.725287
0.412,0.653559,0.097941,0.72529
0.413,0.653564,0.097936,0.725293
0.414,0.653569,0.0979311,0.725296
0.415,0.653574,0.0979261,0.725299
0.416,0.653579,0.0979211,0.725303
0.417,0.653584,0.0979161,0.725306
0.418,0.653589,0.0979111,0.725309
0.419,0.653594,0.0979061,0.725312
0.42,0.653599,0.0979011,0.725315
0.421,0.653604,0.0978961,0.725319
0.422,0.653609,0.0978911,0.725322
0.423,0.653614,0.0978861,0.725325
0.424,0.653619,0.0978811,0.725328
0.425,0.653624,0.0978761,0.725331
0.426,0.653629,0.0978711,0.725335
0.427,0.653634,0.0978661,0.725338
0.428,0.653639,0.0978611,0.725341
0.429,0.653644,0.0978561,0.725344
0.43,0.653649,0.0978511,0.725347
0.431,0.653654,0.0978461,0.725351
0.432,0.653659,0.0978411,0.725354
0.433,0.653664,0.0978361,0.725357
0.434,0.653669,0.0978311,0.72536
0.435,0.653674,0.0978261,0.725363
0.436,0.653679,0.0978211,0.725366
0.437,0.653684,0.0978161,0.72537
0.438,0.653689,0.0978111,0.725373
0.439,0.653694,0.0978061,0.725376
0.44,0.653699,0.0978011,0.725379
0.441,0.653704,0.0977961,0.725382
0.442,0.653709,0.0977911,0.725386
0.443,0.653714,0.0977861,0.725389
0.444,0.653719,0.0977811,0.725392
0.445,0.653724,0.0977762,0.725395
0.446,0.653729,0.0977712,0.725398
0.447,0.653734,0.0977662,0.725402
0.448,0.653739,0.0977612,0.725405
0.449,0.653744,0.0977562,0.725408
0.45,0.653749,0.0977512,0.725411
0.451,0.653754,0.0977462,0.725414
0.452,0.653759,0.0977412,0.725418
0.453,0.653764,0.0977362,0.725421
0.454,0.653769,0.0977312,0.725424
0.455,0.653774,0.0977262,0.725427
0.456,0.653779,0.0977212,0.72543
0.457,0.653784,0.0977162,0.725433
0.458,0.653789,0.0977112,0.725437
0.459,0.653794,0.0977062,0.72544
0.46,0.653799,0.0977012,0.725443
0.461,0.653804,0.0976962,0.725446
0.462,0.653809,0.0976912,0.725449
0.463,0.653814,0.0976862,0.725453
0.464,0.653819,0.0976812,0.725456
0.465,0.653824,0.0976762,0.725459
0.466,0.653829,0.0976712,0.725462
0.467,0.653834,0.0976662,0.725465
0.468,0.653839,0.0976612,0.725468
0.469,0.653844,0.0976562,0.725472
0.47,0.653849,0.0976512,0.725475
0.471,0.653854,0.0976462,0.725478
0.472,0.653859,0.0976412,0.725481
0.473,0.653864,0.0976362,0.725484
0.474,0.653869,0.0976312,0.725488
0.475,0.653874,0.0976262,0.725491
0.476,0.653879,0.0976213,0.725494
0.477,0.653884,0.0976163,0.725497
0.478,0.653889,0.0976113,0.7255
0.479,0.653894,0.0976063,0.725503
0.48,0.653899,0.0976013,0.725507
0.481,0.653904,0.0975963,0.72551
0.482,0.653909,0.0975913,0.725513
0.483,0.653914,0.0975863,0.725516
0.484,0.653919,0.0975813,0.725519
0.485,0.653924,0.0975763,0.725522
0.486,0.653929,0.0975713,0.725526
0.487,0.653934,0.0975663,0.725529
0.488,0.653939,0.0975613,0.725532
0.489,0.653944,0.0975563,0.725535
0.49,0.653949,0.0975513,0.725538
0.491,0.653954,0.0975463,0.725542
0.492,0.653959,0.0975413,0.725545
0.493,0.653964,0.0975363,0.725548
0.494,0.653969,0.0975313,0.725551
0.495,0.653974,0.0975263,0.725554
0.496,0.653979,0.0975213,0.725557
0.497,0.653984,0.0975163,0.725561
0.498,0.653989,0.0975113,0.725564
0.499,0.653994,0.0975063,0.725567
0.5,0.653999,0.0975013,0.72557
0.501,0.654004,0.0974963,0.725573
0.502,0.654009,0.0974913,0.725576
0.503,0.654014,0.0974863,0.72558
0.504,0.654019,0.0974813,0.725583
0.505,0.654024,0.0974763,0.725586
0.506,0.654029,0.0974713,0.725589
0.507,0.654034,0.0974663,0.725592
0.508,0.654039,0.0974614,0.725595
0.509,0.654044,0.0974564,0.725599
0.51,0.654049,0.0974514,0.725602
0.511,0.654054,0.0974464,0.725605
0.512,0.654059,0.0974414,0.725608
0.513,0.654064,0.0974364,0.725611
0.514,0.654069,0.0974314,0.725614
0.515,0.654074,0.0974264,0.725618
0.516,0.654079,0.0974214,0.725621
0.517,0.654084,0.0974164,0.725624
0.518,0.654089,0.0974114,0.725627
0.519,0.654094,0.0974064,0.72563
0.52,0.654099,0.0974014,0.725633
0.521,0.654104,0.0973964,0.725637
0.522,0.654109,0.0973914,0.72564
0.523,0.654114,0.0973864,0.725643
0.524,0.654119,0.0973814,0.725646
0.525,0.654124,0.0973764,0.725649
0.526,0.654129,0.0973714,0.725652
0.527,0.654134,0.0973664,0.725656
0.528,0.654139,0.0973614,0.725659
0.529,0.654144,0.0973564,0.725662
0.53,0.654149,0.0973514,0.725665
0.531,0.654154,0.0973464,0.725668
0.532,0.654159,0.0973414,0.725671
0.533,0.654164,0.0973364,0.725675
0.534,0.654169,0.0973314,0.725678
0.535,0.654174,0.0973264,0.725681
0.536,0.654179,0.0973214,0.725684
0.537,0.654184,0.0973164,0.725687
0.538,0.654189,0.0973114,0.72569
0.539,0.654194,0.0973065,0.725693
0.54,0.654199,0.0973015,0.725697
0.541,0.654204,0.0972965,0.7257
0.542,0.654209,0.0972915,0.725703
0.543,0.654214,0.0972865,0.725706
0.544,0.654219,0.0972815,0.725709
0.545,0.654224,0.0972765,0.725712
0.546,0.654229,0.0972715,0.725716
0.547,0.654234,0.0972665,0.725719
0.548,0.654239,0.0972615,0.725722
0.549,0.654244,0.0972565,0.725725
0.55,0.654249,0.0972515,0.725728
0.551,0.654254,0.0972465,0.725731
0.552,0.654259,0.0972415,0.725734
0.553,0.654264,0.0972365,0.725738
0.554,0.654268,0.0972315,0.725741
0.555,0.654273,0.0972265,0.725744
0.556,0.654278,0.0972215,0.725747
0.557,0.654283,0.0972165,0.72575
0.558,0.654288,0.0972115,0.725753
0.559,0.654293,0.0972065,0.725757
0.56,0.654298,0.0972015,0.72576
0.561,0.654303,0.0971965,0.725763
0.562,0.654308,0.0971915,0.725766
0.563,0.654313,0.0971865,0.725769
0.564,0.654318,0.0971815,0.725772
0.565,0.654323,0.0971765,0.725775
0.566,0.654328,0.0971715,0.725779
0.567,0.654333,0.0971665,0.725782
0.568,0.654338,0.0971615,0.725785
0.569,0.654343,0.0971565,0.725788
0.57,0.654348,0.0971516,0.725791
0.571,0.654353,0.0971466,0.725794
0.572,0.654358,0.0971416,0.725798
0.573,0.654363,0.0971366,0.725801
0.574,0.654368,0.0971316,0.725804
0.575,0.654373,0.0971266,0.725807
0.576,0.654378,0.0971216,0.72581
0.577,0.654383,0.0971166,0.725813
0.578,0.654388,0.0971116,0.725816
0.579,0.654393,0.0971066,0.72582
0.58,0.654398,0.0971016,0.725823
0.581,0.654403,0.0970966,0.725826
0.582,0.654408,0.0970916,0.725829
0.583,0.654413,0.0970866,0.725832
0.584,0.654418,0.0970816,0.725835
0.585,0.654423,0.0970766,0.725838
0.586,0.654428,0.0970716,0.725842
0.587,0.654433,0.0970666,0.725845
0.588,0.654438,0.0970616,0.725848
0.589,0.654443,0.0970566,0.725851
0.59,0.654448,0.0970516,0.725854
0.591,0.654453,0.0970466,0.725857
0.592,0.654458,0.0970416,0.72586
0.593,0.654463,0.0970366,0.725864
0.594,0.654468,0.0970316,0.725867
0.595,0.654473,0.0970266,0.72587
0.596,0.654478,0.0970216,0.725873
0.597,0.654483,0.0970166,0.725876
0.598,0.654488,0.0970116,0.725879
0.599,0.654493,0.0970066,0.725882
0.6,0.654498,0.0970016,0.725886
0.601,0.654503,0.0969967,0.725889
0.602,0.654508,0.0969917,0.725892
0.603,0.654513,0.0969867,0.725895
0.604,0.654518,0.0969817,0.725898
0.605,0.654523,0.0969767,0.725901
0.606,0.654528,0.0969717,0.725904
0.607,0.654533,0.0969667,0.725908
0.608,0.654538,0.0969617,0.725911
0.609,0.654543,0.0969567,0.725914
0.61,0.654548,0.0969517,0.725917
0.611,0.654553,0.0969467,0.72592
0.612,0.654558,0.0969417,0.725923
0.613,0.654563,0.0969367,0.725926
0.614,0.654568,0.0969317,0.72593
0.615,0.654573,0.0969267,0.725933
0.616,0.654578,0.0969217,0.725936
0.617,0.654583,0.0969167,0.725939
0.618,0.654588,0.0969117,0.725942
0.619,0.654593,0.0969067,0.725945
0.62,0.654598,0.0969017,0.725948
0.621,0.654603,0.0968967,0.725952
0.622,0.654608,0.0968917,0.725955
0.623,0.654613,0.0968867,0.725958
0.624,0.654618,0.0968817,0.725961
0.625,0.654623,0.0968767,0.725964
0.626,0.654628,0.0968717,0.725967
0.627,0.654633,0.0968667,0.72597
0.628,0.654638,0.0968617,0.725973
0.629,0.654643,0.0968567,0.725977
0.63,0.654648,0.0968517,0.72598
0.631,0.654653,0.0968467,0.725983
0.632,0.654658,0.0968418,0.725986
0.633,0.654663,0.0968368,0.725989
0.634,0.654668,0.0968318,0.725992
0.635,0.654673,0.0968268,0.725995
0.636,0.654678,0.0968218,0.725999
0.637,0.654683,0.0968168,0.726002
0.638,0.654688,0.0968118,0.726005
0.639,0.654693,0.0968068,0.726008
0.64,0.654698,0.0968018,0.726011
0.641,0.654703,0.0967968,0.726014
0.642,0.654708,0.0967918,0.726017
0.643,0.654713,0.0967868,0.72602
0.644,0.654718,0.0967818,0.726024
0.645,0.654723,0.0967768,0.726027
0.646,0.654728,0.0967718,0.72603
0.647,0.654733,0.0967668,0.726033
0.648,0.654738,0.0967618,0.726036
0.649,0.654743,0.0967568,0.726039
0.65,0.654748,0.0967518,0.726042
0.651,0.654753,0.0967468,0.726046
0.652,0.654758,0.0967418,0.726049
0.653,0.654763,0.0967368,0.726052
0.654,0.654768,0.0967318,0.726055
0.655,0.654773,0.0967268,0.726058
0.656,0.654778,0.0967218,0.726061
0.657,0.654783,0.0967168,0.726064
0.658,0.654788,0.0967118,0.726067
0.659,0.654793,0.0967068,0.726071
0.66,0.654798,0.0967018,0.726074
0.661,0.654803,0.0966968,0.726077
0.662,0.654808,0.0966918,0.72608
0.663,0.654813,0.0966869,0.726083
0.664,0.654818,0.0966819,0.726086
0.665,0.654823,0.0966769,0.726089
0.666,0.654828,0.0966719,0.726092
0.667,0.654833,0.0966669,0.726096
0.668,0.654838,0.0966619,0.726099
0.669,0.654843,0.0966569,0.726102
0.67,0.654848,0.0966519,0.726105
0.671,0.654853,0.0966469,0.726108
0.672,0.654858,0.0966419,0.726111
0.673,0.654863,0.0966369,0.726114
0.674,0.654868,0.0966319,0.726117
0.675,0.654873,0.0966269,0.726121
0.676,0.654878,0.0966219,0.726124
0.677,0.654883,0.0966169,0.726127
0.678,0.654888,0.0966119,0.72613
0.679,0.654893,0.0966069,0.726133
0.68,0.654898,0.0966019,0.726136
0.681,0.654903,0.0965969,0.726139
0.682,0.654908,0.0965919,0.726142
0.683,0.654913,0.0965869,0.726146
0.684,0.654918,0.0965819,0.726149
0.685,0.654923,0.0965769,0.726152
0.686,0.654928,0.0965719,0.726155
0.687,0.654933,0.0965669,0.726158
0.688,0.654938,0.0965619,0.726161
0.689,0.654943,0.0965569,0.726164
0.69,0.654948,0.0965519,0.726167
0.691,0.654953,0.0965469,0.726171
0.692,0.654958,0.0965419,0.726174
0.693,0.654963,0.0965369,0.726177
0.694,0.654968,0.096532,0.72618
0.695,0.654973,0.096527,0.726183
0.696,0.654978,0.096522,0.726186
0.697,0.654983,0.096517,0.726189
0.698,0.654988,0.096512,0.726192
0.699,0.654993,0.096507,0.726196
0.7,0.654998,0.096502,0.726199
0.701,0.655003,0.096497,0.726202
0.702,0.655008,0.096492,0.726205
0.703,0.655013,0.096487,0.726208
0.704,0.655018,0.096482,0.726211
0.705,0.655023,0.096477,0.726214
0.706,0.655028,0.096472,0.726217
0.707,0.655033,0.096467,0.726221
0.708,0.655038,0.096462,0.726224
0.709,0.655043,0.096457,0.726227
0.71,0.655048,0.096452,0.72623
0.711,0.655053,0.096447,0.726233
0.712,0.655058,0.096442,0.726236
0.713,0.655063,0.096437,0.726239
0.714,0.655068,0.096432,0.726242
0.715,0.655073,0.096427,0.726245
0.716,0.655078,0.096422,0.726249
0.717,0.655083,0.096417,0.726252
0.718,0.655088,0.096412,0.726255
0.719,0.655093,0.096407,0.726258
0.72,0.655098,0.096402,0.726261
0.721,0.655103,0.096397,0.726264
0.722,0.655108,0.096392,0.726267
0.723,0.655113,0.096387,0.72627
0.724,0.655118,0.096382,0.726274
0.725,0.655123,0.0963771,0.726277
0.726,0.655128,0.0963721,0.72628
0.727,0.655133,0.0963671,0.726283
0.728,0.655138,0.0963621,0.726286
0.729,0.655143,0.0963571,0.726289
0.73,0.655148,0.0963521,0.726292
0.731,0.655153,0.0963471,0.726295
0.732,0.655158,0.0963421,0.726298
0.733,0.655163,0.0963371,0.726302
0.734,0.655168,0.0963321,0.726305
0.735,0.655173,0.0963271,0.726308
0.736,0.655178,0.0963221,0.726311
0.737,0.655183,0.0963171,0.726314
0.738,0.655188,0.0963121,0.726317
0.739,0.655193,0.0963071,0.72632
0.74,0.655198,0.0963021,0.726323
0.741,0.655203,0.0962971,0.726327
0.742,0.655208,0.0962921,0.72633
0.743,0.655213,0.0962871,0.726333
0.744,0.655218,0.0962821,0.726336
0.745,0.655223,0.0962771,0.726339
0.746,0.655228,0.0962721,0.726342
0.747,0.655233,0.0962671,0.726345
0.748,0.655238,0.0962621,0.726348
0.749,0.655243,0.0962571,0.726351
0.75,0.655248,0.0962521,0.726355
0.751,0.655253,0.0962471,0.726358
0.752,0.655258,0.0962421,0.726361
0.753,0.655263,0.0962371,0.726364
0.754,0.655268,0.0962321,0.726367
0.755,0.655273,0.0962271,0.72637
0.756,0.655278,0.0962221,0.726373
0.757,0.655283,0.0962172,0.726376
0.758,0.655288,0.0962122,0.726379
0.759,0.655293,0.0962072,0.726383
0.76,0.655298,0.0962022,0.726386
0.761,0.655303,0.0961972,0.726389
0.762,0.655308,0.0961922,0.726392
0.763,0.655313,0.0961872,0.726395
0.764,0.655318,0.0961822,0.726398
0.765,0.655323,0.0961772,0.726401
0.766,0.655328,0.0961722,0.726404
0.767,0.655333,0.0961672,0.726407
0.768,0.655338,0.0961622,0.726411
0.769,0.655343,0.0961572,0.726414
0.77,0.655348,0.0961522,0.726417
0.771,0.655353,0.0961472,0.72642
0.772,0.655358,0.0961422,0.726423
0.773,0.655363,0.0961372,0.726426
0.774,0.655368,0.0961322,0.726429
0.775,0.655373,0.0961272,0.726432
0.776,0.655378,0.0961222,0.726435
0.777,0.655383,0.0961172,0.726439
0.778,0.655388,0.0961122,0.726442
0.779,0.655393,0.0961072,0.726445
0.78,0.655398,0.0961022,0.726448
0.781,0.655403,0.0960972,0.726451
0.782,0.655408,0.0960922,0.726454
0.783,0.655413,0.0960872,0.726457
0.784,0.655418,0.0960822,0.72646
0.785,0.655423,0.0960772,0.726463
0.786,0.655428,0.0960722,0.726466
0.787,0.655433,0.0960672,0.72647
0.788,0.655438,0.0960623,0.726473
0.789,0.655443,0.0960573,0.726476
0.79,0.655448,0.0960523,0.726479
0.791,0.655453,0.0960473,0.726482
0.792,0.655458,0.0960423,0.726485
0.793,0.655463,0.0960373,0.726488
0.794,0.655468,0.0960323,0.726491
0.795,0.655473,0.0960273,0.726494
0.796,0.655478,0.0960223,0.726498
0.797,0.655483,0.0960173,0.726501
0.798,0.655488,0.0960123,0.726504
0.799,0.655493,0.0960073,0.726507
0.8,0.655498,0.0960023,0.72651
0.801,0.655503,0.0959973,0.726513
0.802,0.655508,0.0959923,0.726516
0.803,0.655513,0.0959873,0.726519
0.804,0.655518,0.0959823,0.726522
0.805,0.655523,0.0959773,0.726525
0.806,0.655528,0.0959723,0.726529
0.807,0.655533,0.0959673,0.726532
0.808,0.655538,0.0959623,0.726535
0.809,0.655543,0.0959573,0.726538
0.81,0.655548,0.0959523,0.726541
0.811,0.655553,0.0959473,0.726544
0.812,0.655558,0.0959423,0.726547
0.813,0.655563,0.0959373,0.72655
0.814,0.655568,0.0959323,0.726553
0.815,0.655573,0.0959273,0.726557
0.816,0.655578,0.0959223,0.72656
0.817,0.655583,0.0959173,0.726563
0.818,0.655588,0.0959123,0.726566
0.819,0.655593,0.0959074,0.726569
0.82,0.655598,0.0959024,0.726572
0.821,0.655603,0.0958974,0.726575
0.822,0.655608,0.0958924,0.726578
0.823,0.655613,0.0958874,0.726581
0.824,0.655618,0.0958824,0.726584
0.825,0.655623,0.0958774,0.726588
0.826,0.655628,0.0958724,0.726591
0.827,0.655633,0.0958674,0.726594
0.828,0.655638,0.0958624,0.726597
0.829,0.655643,0.0958574,0.7266
0.83,0.655648,0.0958524,0.726603
0.831,0.655653,0.0958474,0.726606
0.832,0.655658,0.0958424,0.726609
0.833,0.655663,0.0958374,0.726612
0.834,0.655668,0.0958324,0.726615
0.835,0.655673,0.0958274,0.726619
0.836,0.655678,0.0958224,0.726622
0.837,0.655683,0.0958174,0.726625
0.838,0.655688,0.0958124,0.726628
0.839,0.655693,0.0958074,0.726631
0.84,0.655698,0.0958024,0.726634
0.841,0.655703,0.0957974,0.726637
0.842,0.655708,0.0957924,0.72664
0.843,0.655713,0.0957874,0.726643
0.844,0.655718,0.0957824,0.726646
0.845,0.655723,0.0957774,0.726649
0.846,0.655728,0.0957724,0.726652
0.847,0.655733,0.0957674,0.726656
0.848,0.655738,0.0957624,0.726659
0.849,0.655743,0.0957574,0.726662
0.85,0.655748,0.0957525,0.726665
0.851,0.655753,0.0957475,0.726668
0.852,0.655758,0.0957425,0.726671
0.853,0.655763,0.0957375,0.726674
0.854,0.655768,0.0957325,0.726677
0.855,0.655773,0.0957275,0.726681
0.856,0.655778,0.0957225,0.726684
0.857,0.655783,0.0957175,0.726687
0.858,0.655788,0.0957125,0.72669
0.859,0.655793,0.0957075,0.726693
0.86,0.655798,0.0957025,0.726696
0.861,0.655803,0.0956975,0.726699
0.862,0.655808,0.0956925,0.726702
0.863,0.655813,0.0956875,0.726705
0.864,0.655818,0.0956825,0.726708
0.865,0.655822,0.0956775,0.726712
0.866,0.655827,0.0956725,0.726715
0.867,0.655832,0.0956675,0.726718
0.868,0.655837,0.0956625,0.726721
0.869,0.655842,0.0956575,0.726724
0.87,0.655847,0.0956525,0.726727
0.871,0.655852,0.0956475,0.72673
0.872,0.655857,0.0956425,0.726733
0.873,0.655862,0.0956375,0.726736
0.874,0.655867,0.0956325,0.726739
0.875,0.655872,0.0956275,0.726743
0.876,0.655877,0.0956225,0.726746
0.877,0.655882,0.0956175,0.726749
0.878,0.655887,0.0956125,0.726752
0.879,0.655892,0.0956075,0.726755
0.88,0.655897,0.0956025,0.726758
0.881,0.655902,0.0955976,0.726761
0.882,0.655907,0.0955926,0.726764
0.883,0.655912,0.0955876,0.726767
0.884,0.655917,0.0955826,0.72677
0.885,0.655922,0.0955776,0.726773
0.886,0.655927,0.0955726,0.726777
0.887,0.655932,0.0955676,0.72678
0.888,0.655937,0.0955626,0.726783
0.889,0.655942,0.0955576,0.726786
0.89,0.655947,0.0955526,0.726789
0.891,0.655952,0.0955476,0.726792
0.892,0.655957,0.0955426,0.726795
0.893,0.655962,0.0955376,0.726798
0.894,0.655967,0.0955326,0.726801
0.895,0.655972,0.0955276,0.726804
0.896,0.655977,0.0955226,0.726808
0.897,0.655982,0.0955176,0.726811
0.898,0.655987,0.0955126,0.726814
0.899,0.655992,0.0955076,0.726817
0.9,0.655997,0.0955026,0.72682
0.901,0.656002,0.0954976,0.726823
0.902,0.656007,0.0954926,0.726826
0.903,0.656012,0.0954876,0.726829
0.904,0.656017,0.0954826,0.726832
0.905,0.656022,0.0954776,0.726835
0.906,0.656027,0.0954726,0.726838
0.907,0.656032,0.0954676,0.726842
0.908,0.656037,0.0954626,0.726845
0.909,0.656042,0.0954576,0.726848
0.91,0.656047,0.0954526,0.726851
0.911,0.656052,0.0954476,0.726854
0.912,0.656057,0.0954427,0.726857
0.913,0.656062,0.0954377,0.72686
0.914,0.656067,0.0954327,0.726863
0.915,0.656072,0.0954277,0.726866
0.916,0.656077,0.0954227,0.726869
0.917,0.656082,0.0954177,0.726872
0.918,0.656087,0.0954127,0.726876
0.919,0.656092,0.0954077,0.726879
0.92,0.656097,0.0954027,0.726882
0.921,0.656102,0.0953977,0.726885
0.922,0.656107,0.0953927,0.726888
0.923,0.656112,0.0953877,0.726891
0.924,0.656117,0.0953827,0.726894
0.925,0.656122,0.0953777,0.726897
0.926,0.656127,0.0953727,0.7269
0.927,0.656132,0.0953677,0.726903
0.928,0.656137,0.0953627,0.726907
0.929,0.656142,0.0953577,0.72691
0.93,0.656147,0.0953527,0.726913
0.931,0.656152,0.0953477,0.726916
0.932,0.656157,0.0953427,0.726919
0.933,0.656162,0.0953377,0.726922
0.934,0.656167,0.0953327,0.726925
0.935,0.656172,0.0953277,0.726928
0.936,0.656177,0.0953227,0.726931
0.937,0.656182,0.0953177,0.726934
0.938,0.656187,0.0953127,0.726937
0.939,0.656192,0.0953077,0.726941
0.94,0.656197,0.0953027,0.726944
0.941,0.656202,0.0952977,0.726947
0.942,0.656207,0.0952927,0.72695
0.943,0.656212,0.0952878,0.726953
0.944,0.656217,0.0952828,0.726956
0.945,0.656222,0.0952778,0.726959
0.946,0.656227,0.0952728,0.726962
0.947,0.656232,0.0952678,0.726965
0.948,0.656237,0.0952628,0.726968
0.949,0.656242,0.0952578,0.726971
0.95,0.656247,0.0952528,0.726975
0.951,0.656252,0.0952478,0.726978
0.952,0.656257,0.0952428,0.726981
0.953,0.656262,0.0952378,0.726984
0.954,0.656267,0.0952328,0.726987
0.955,0.656272,0.0952278,0.72699
0.956,0.656277,0.0952228,0.726993
0.957,0.656282,0.0952178,0.726996
0.958,0.656287,0.0952128,0.726999
0.959,0.656292,0.0952078,0.727002
0.96,0.656297,0.0952028,0.727005
0.961,0.656302,0.0951978,0.727008
0.962,0.656307,0.0951928,0.727012
0.963,0.656312,0.0951878,0.727015
0.964,0.656317,0.0951828,0.727018
0.965,0.656322,0.0951778,0.727021
0.966,0.656327,0.0951728,0.727024
0.967,0.656332,0.0951678,0.727027
0.968,0.656337,0.0951628,0.72703
0.969,0.656342,0.0951578,0.727033
0.97,0.656347,0.0951528,0.727036
0.971,0.656352,0.0951478,0.727039
0.972,0.656357,0.0951428,0.727042
0.973,0.656362,0.0951378,0.727046
0.974,0.656367,0.0951329,0.727049
0.975,0.656372,0.0951279,0.727052
0.976,0.656377,0.0951229,0.727055
0.977,0.656382,0.0951179,0.727058
0.978,0.656387,0.0951129,0.727061
0.979,0.656392,0.0951079,0.727064
0.98,0.656397,0.0951029,0.727067
0.981,0.656402,0.0950979,0.72707
0.982,0.656407,0.0950929,0.727073
0.983,0.656412,0.0950879,0.727076
0.984,0.656417,0.0950829,0.72708
0.985,0.656422,0.0950779,0.727083
0.986,0.656427,0.0950729,0.727086
0.987,0.656432,0.0950679,0.727089
0.988,0.656437,0.0950629,0.727092
0.989,0.656442,0.0950579,0.727095
0.99,0.656447,0.0950529,0.727098
0.991,0.656452,0.0950479,0.727101
0.992,0.656457,0.0950429,0.727104
0.993,0.656462,0.0950379,0.727107
0.994,0.656467,0.0950329,0.72711
0.995,0.656472,0.0950279,0.727113
0.996,0.656477,0.0950229,0.727117
0.997,0.656482,0.0950179,0.72712
0.998,0.656487,0.0950129,0.727123
0.999,0.656492,0.0950079,0.727126
1,0.656497,0.0950029,0.727129
1.001,0.656502,0.0949979,0.727132
1.002,0.656507,0.0949929,0.727135
1.003,0.656512,0.0949879,0.727138
1.004,0.656517,0.0949829,0.727141
1.005,0.656522,0.094978,0.727144
1.006,0.656527,0.094973,0.727147
1.007,0.656532,0.094968,0.727151
1.008,0.656537,0.094963,0.727154
1.009,0.656542,0.094958,0.727157
1.01,0.656547,0.094953,0.72716
1.011,0.656552,0.094948,0.727163
1.012,0.656557,0.094943,0.727166
1.013,0.656562,0.094938,0.727169
1.014,0.656567,0.094933,0.727172
1.015,0.656572,0.094928,0.727175
1.016,0.656577,0.094923,0.727178
1.017,0.656582,0.094918,0.727181
1.018,0.656587,0.094913,0.727184
1.019,0.656592,0.094908,0.727188
1.02,0.656597,0.094903,0.727191
1.021,0.656602,0.094898,0.727194
1.022,0.656607,0.094893,0.727197
1.023,0.656612,0.094888,0.7272
1.024,0.656617,0.094883,0.727203
1.025,0.656622,0.094878,0.727206
1.026,0.656627,0.094873,0.727209
1.027,0.656632,0.094868,0.727212
1.028,0.656637,0.094863,0.727215
1.029,0.656642,0.094858,0.727218
1.03,0.656647,0.094853,0.727222
1.031,0.656652,0.094848,0.727225
1.032,0.656657,0.094843,0.727228
1.033,0.656662,0.094838,0.727231
1.034,0.656667,0.094833,0.727234
1.035,0.656672,0.094828,0.727237
1.036,0.656677,0.0948231,0.72724
1.037,0.656682,0.0948181,0.727243
1.038,0.656687,0.0948131,0.727246
1.039,0.656692,0.0948081,0.727249
1.04,0.656697,0.0948031,0.727252
1.041,0.656702,0.0947981,0.727255
1.042,0.656707,0.0947931,0.727259
1.043,0.656712,0.0947881,0.727262
1.044,0.656717,0.0947831,0.727265
1.045,0.656722,0.0947781,0.727268
1.046,0.656727,0.0947731,0.727271
1.047,0.656732,0.0947681,0.727274
1.048,0.656737,0.0947631,0.727277
1.049,0.656742,0.0947581,0.72728
1.05,0.656747,0.0947531,0.727283
1.051,0.656752,0.0947481,0.727286
1.052,0.656757,0.0947431,0.727289
1.053,0.656762,0.0947381,0.727292
1.054,0.656767,0.0947331,0.727296
1.055,0.656772,0.0947281,0.727299
1.056,0.656777,0.0947231,0.727302
1.057,0.656782,0.0947181,0.727305
1.058,0.656787,0.0947131,0.727308
1.059,0.656792,0.0947081,0.727311
1.06,0.656797,0.0947031,0.727314
1.061,0.656802,0.0946981,0.727317
1.062,0.656807,0.0946931,0.72732
1.063,0.656812,0.0946881,0.727323
1.064,0.656817,0.0946831,0.727326
1.065,0.656822,0.0946781,0.727329
1.066,0.656827,0.0946731,0.727333
1.067,0.656832,0.0946682,0.727336
1.068,0.656837,0.0946632,0.727339
1.069,0.656842,0.0946582,0.727342
1.07,0.656847,0.0946532,0.727345
1.071,0.656852,0.0946482,0.727348
1.072,0.656857,0.0946432,0.727351
1.073,0.656862,0.0946382,0.727354
1.074,0.656867,0.0946332,0.727357
1.075,0.656872,0.0946282,0.72736
1.076,0.656877,0.0946232,0.727363
1.077,0.656882,0.0946182,0.727366
1.078,0.656887,0.0946132,0.72737
1.079,0.656892,0.0946082,0.727373
1.08,0.656897,0.0946032,0.727376
1.081,0.656902,0.0945982,0.727379
1.082,0.656907,0.0945932,0.727382
1.083,0.656912,0.0945882,0.727385
1.084,0.656917,0.0945832,0.727388
1.085,0.656922,0.0945782,0.727391
1.086,0.656927,0.0945732,0.727394
1.087,0.656932,0.0945682,0.727397
1.088,0.656937,0.0945632,0.7274
1.089,0.656942,0.0945582,0.727403
1.09,0.656947,0.0945532,0.727407
1.091,0.656952,0.0945482,0.72741
1.092,0.656957,0.0945432,0.727413
1.093,0.656962,0.0945382,0.727416
1.094,0.656967,0.0945332,0.727419
1.095,0.656972,0.0945282,0.727422
1.096,0.656977,0.0945232,0.727425
1.097,0.656982,0.0945182,0.727428
1.098,0.656987,0.0945133,0.727431
1.099,0.656992,0.0945083,0.727434
1.1,0.656997,0.0945033,0.727437
1.101,0.657002,0.0944983,0.72744
1.102,0.657007,0.0944933,0.727444
1.103,0.657012,0.0944883,0.727447
1.104,0.657017,0.0944833,0.72745
1.105,0.657022,0.0944783,0.727453
1.106,0.657027,0.0944733,0.727456
1.107,0.657032,0.0944683,0.727459
1.108,0.657037,0.0944633,0.727462
1.109,0.657042,0.0944583,0.727465
1.11,0.657047,0.0944533,0.727468
1.111,0.657052,0.0944483,0.727471
1.112,0.657057,0.0944433,0.727474
1.113,0.657062,0.0944383,0.727477
1.114,0.657067,0.0944333,0.727481
1.115,0.657072,0.0944283,0.727484
1.116,0.657077,0.0944233,0.727487
1.117,0.657082,0.0944183,0.72749
1.118,0.657087,0.0944133,0.727493
1.119,0.657092,0.0944083,0.727496
1.12,0.657097,0.0944033,0.727499
1.121,0.657102,0.0943983,0.727502
1.122,0.657107,0.0943933,0.727505
1.123,0.657112,0.0943883,0.727508
1.124,0.657117,0.0943833,0.727511
1.125,0.657122,0.0943783,0.727514
1.126,0.657127,0.0943733,0.727518
1.127,0.657132,0.0943683,0.727521
1.128,0.657137,0.0943633,0.727524
1.129,0.657142,0.0943584,0.727527
1.13,0.657147,0.0943534,0.72753
1.131,0.657152,0.0943484,0.727533
1.132,0.657157,0.0943434,0.727536
1.133,0.657162,0.0943384,0.727539
1.134,0.657167,0.0943334,0.727542
1.135,0.657172,0.0943284,0.727545
1.136,0.657177,0.0943234,0.727548
1.137,0.657182,0.0943184,0.727551
1.138,0.657187,0.0943134,0.727555
1.139,0.657192,0.0943084,0.727558
1.14,0.657197,0.0943034,0.727561
1.141,0.657202,0.0942984,0.727564
1.142,0.657207,0.0942934,0.727567
1.143,0.657212,0.0942884,0.72757
1.144,0.657217,0.0942834,0.727573
1.145,0.657222,0.0942784,0.727576
1.146,0.657227,0.0942734,0.727579
1.147,0.657232,0.0942684,0.727582
1.148,0.657237,0.0942634,0.727585
1.149,0.657242,0.0942584,0.727588
1.15,0.657247,0.0942534,0.727591
1.151,0.657252,0.0942484,0.727595
1.152,0.657257,0.0942434,0.727598
1.153,0.657262,0.0942384,0.727601
1.154,0.657267,0.0942334,0.727604
1.155,0.657272,0.0942284,0.727607
1.156,0.657277,0.0942234,0.72761
1.157,0.657282,0.0942184,0.727613
1.158,0.657287,0.0942134,0.727616
1.159,0.657292,0.0942084,0.727619
1.16,0.657297,0.0942035,0.727622
1.161,0.657302,0.0941985,0.727625
1.162,0.657307,0.0941935,0.727628
1.163,0.657312,0.0941885,0.727632
1.164,0.657317,0.0941835,0.727635
1.165,0.657322,0.0941785,0.727638
1.166,0.657327,0.0941735,0.727641
1.167,0.657332,0.0941685,0.727644
1.168,0.657337,0.0941635,0.727647
1.169,0.657342,0.0941585,0.72765
1.17,0.657347,0.0941535,0.727653
1.171,0.657352,0.0941485,0.727656
1.172,0.657357,0.0941435,0.727659
1.173,0.657362,0.0941385,0.727662
1.174,0.657367,0.0941335,0.727665
1.175,0.657371,0.0941285,0.727669
1.176,0.657376,0.0941235,0.727672
1.177,0.657381,0.0941185,0.727675
1.178,0.657386,0.0941135,0.727678
1.179,0.657391,0.0941085,0.727681
1.18,0.657396,0.0941035,0.727684
1.181,0.657401,0.0940985,0.727687
1.182,0.657406,0.0940935,0.72769
1.183,0.657411,0.0940885,0.727693
1.184,0.657416,0.0940835,0.727696
1.185,0.657421,0.0940785,0.727699
1.186,0.657426,0.0940735,0.727702
1.187,0.657431,0.0940685,0.727705
1.188,0.657436,0.0940635,0.727709
1.189,0.657441,0.0940585,0.727712
1.19,0.657446,0.0940535,0.727715
1.191,0.657451,0.0940486,0.727718
1.192,0.657456,0.0940436,0.727721
1.193,0.657461,0.0940386,0.727724
1.194,0.657466,0.0940336,0.727727
1.195,0.657471,0.0940286,0.72773
1.196,0.657476,0.0940236,0.727733
1.197,0.657481,0.0940186,0.727736
1.198,0.657486,0.0940136,0.727739
1.199,0.657491,0.0940086,0.727742
1.2,0.657496,0.0940036,0.727746
1.201,0.657501,0.0939986,0.727749
1.202,0.657506,0.0939936,0.727752
1.203,0.657511,0.0939886,0.727755
1.204,0.657516,0.0939836,0.727758
1.205,0.657521,0.0939786,0.727761
1.206,0.657526,0.0939736,0.727764
1.207,0.657531,0.0939686,0.727767
1.208,0.657536,0.0939636,0.72777
1.209,0.657541,0.0939586,0.727773
1.21,0.657546,0.0939536,0.727776
1.211,0.657551,0.0939486,0.727779
1.212,0.657556,0.0939436,0.727783
1.213,0.657561,0.0939386,0.727786
1.214,0.657566,0.0939336,0.727789
1.215,0.657571,0.0939286,0.727792
1.216,0.657576,0.0939236,0.727795
1.217,0.657581,0.0939186,0.727798
1.218,0.657586,0.0939136,0.727801
1.219,0.657591,0.0939086,0.727804
1.22,0.657596,0.0939036,0.727807
1.221,0.657601,0.0938986,0.72781
1.222,0.657606,0.0938937,0.727813
1.223,0.657611,0.0938887,0.727816
1.224,0.657616,0.0938837,0.727819
1.225,0.657621,0.0938787,0.727823
1.226,0.657626,0.0938737,0.727826
1.227,0.657631,0.0938687,0.727829
1.228,0.657636,0.0938637,0.727832
1.229,0.657641,0.0938587,0.727835
1.23,0.657646,0.0938537,0.727838
1.231,0.657651,0.0938487,0.727841
1.232,0.657656,0.0938437,0.727844
1.233,0.657661,0.0938387,0.727847
1.234,0.657666,0.0938337,0.72785
1.235,0.657671,0.0938287,0.727853
1.236,0.657676,0.0938237,0.727856
1.237,0.657681,0.0938187,0.72786
1.238,0.657686,0.0938137,0.727863
1.239,0.657691,0.0938087,0.727866
1.24,0.657696,0.0938037,0.727869
1.241,0.657701,0.0937987,0.727872
1.242,0.657706,0.0937937,0.727875
1.243,0.657711,0.0937887,0.727878
1.244,0.657716,0.0937837,0.727881
1.245,0.657721,0.0937787,0.727884
1.246,0.657726,0.0937737,0.727887
1.247,0.657731,0.0937687,0.72789
1.248,0.657736,0.0937637,0.727893
1.249,0.657741,0.0937587,0.727897
1.25,0.657746,0.0937537,0.7279
1.251,0.657751,0.0937487,0.727903
1.252,0.657756,0.0937437,0.727906
1.253,0.657761,0.0937388,0.727909
1.254,0.657766,0.0937338,0.727912
1.255,0.657771,0.0937288,0.727915
1.256,0.657776,0.0937238,0.727918
1.257,0.657781,0.0937188,0.727921
1.258,0.657786,0.0937138,0.727924
1.259,0.657791,0.0937088,0.727927
1.26,0.657796,0.0937038,0.72793
1.261,0.657801,0.0936988,0.727933
1.262,0.657806,0.0936938,0.727937
1.263,0.657811,0.0936888,0.72794
1.264,0.657816,0.0936838,0.727943
1.265,0.657821,0.0936788,0.727946
1.266,0.657826,0.0936738,0.727949
1.267,0.657831,0.0936688,0.727952
1.268,0.657836,0.0936638,0.727955
1.269,0.657841,0.0936588,0.727958
1.27,0.657846,0.0936538,0.727961
1.271,0.657851,0.0936488,0.727964
1.272,0.657856,0.0936438,0.727967
1.273,0.657861,0.0936388,0.72797
1.274,0.657866,0.0936338,0.727974
1.275,0.657871,0.0936288,0.727977
1.276,0.657876,0.0936238,0.72798
1.277,0.657881,0.0936188,0.727983
1.278,0.657886,0.0936138,0.727986
1.279,0.657891,0.0936088,0.727989
1.28,0.657896,0.0936038,0.727992
1.281,0.657901,0.0935988,0.727995
1.282,0.657906,0.0935938,0.727998
1.283,0.657911,0.0935888,0.728001
1.284,0.657916,0.0935839,0.728004
1.285,0.657921,0.0935789,0.728007
1.286,0.657926,0.0935739,0.728011
1.287,0.657931,0.0935689,0.728014
1.288,0.657936,0.0935639,0.728017
1.289,0.657941,0.0935589,0.72802
1.29,0.657946,0.0935539,0.728023
1.291,0.657951,0.0935489,0.728026
1.292,0.657956,0.0935439,0.728029
1.293,0.657961,0.0935389,0.728032
1.294,0.657966,0.0935339,0.728035
1.295,0.657971,0.0935289,0.728038
1.296,0.657976,0.0935239,0.728041
1.297,0.657981,0.0935189,0.728044
1.298,0.657986,0.0935139,0.728047
1.299,0.657991,0.0935089,0.728051
1.3,0.657996,0.0935039,0.728054
1.301,0.658001,0.0934989,0.728057
1.302,0.658006,0.0934939,0.72806
1.303,0.658011,0.0934889,0.728063
1.304,0.658016,0.0934839,0.728066
1.305,0.658021,0.0934789,0.728069
1.306,0.658026,0.0934739,0.728072
1.307,0.658031,0.0934689,0.728075
1.308,0.658036,0.0934639,0.728078
1.309,0.658041,0.0934589,0.728081
1.31,0.658046,0.0934539,0.728084
1.311,0.658051,0.0934489,0.728088
1.312,0.658056,0.0934439,0.728091
1.313,0.658061,0.0934389,0.728094
1.314,0.658066,0.0934339,0.728097
1.315,0.658071,0.093429,0.7281
1.316,0.658076,0.093424,0.728103
1.317,0.658081,0.093419,0.728106
1.318,0.658086,0.093414,0.728109
1.319,0.658091,0.093409,0.728112
1.32,0.658096,0.093404,0.728115
1.321,0.658101,0.093399,0.728118
1.322,0.658106,0.093394,0.728121
1.323,0.658111,0.093389,0.728125
1.324,0.658116,0.093384,0.728128
1.325,0.658121,0.093379,0.728131
1.326,0.658126,0.093374,0.728134
1.327,0.658131,0.093369,0.728137
1.328,0.658136,0.093364,0.72814
1.329,0.658141,0.093359,0.728143
1.33,0.658146,0.093354,0.728146
1.331,0.658151,0.093349,0.728149
1.332,0.658156,0.093344,0.728152
1.333,0.658161,0.093339,0.728155
1.334,0.658166,0.093334,0.728158
1.335,0.658171,0.093329,0.728162
1.336,0.658176,0.093324,0.728165
1.337,0.658181,0.093319,0.728168
1.338,0.658186,0.093314,0.728171
1.339,0.658191,0.093309,0.728174
1.34,0.658196,0.093304,0.728177
1.341,0.658201,0.093299,0.72818
1.342,0.658206,0.093294,0.728183
1.343,0.658211,0.093289,0.728186
1.344,0.658216,0.093284,0.728189
1.345,0.658221,0.093279,0.728192
1.346,0.658226,0.0932741,0.728195
1.347,0.658231,0.0932691,0.728198
1.348,0.658236,0.0932641,0.728202
1.349,0.658241,0.0932591,0.728205
1.35,0.658246,0.0932541,0.728208
1.351,0.658251,0.0932491,0.728211
1.352,0.658256,0.0932441,0.728214
1.353,0.658261,0.0932391,0.728217
1.354,0.658266,0.0932341,0.72822
1.355,0.658271,0.0932291,0.728223
1.356,0.658276,0.0932241,0.728226
1.357,0.658281,0.0932191,0.728229
1.358,0.658286,0.0932141,0.728232
1.359,0.658291,0.0932091,0.728235
1.36,0.658296,0.0932041,0.728239
1.361,0.658301,0.0931991,0.728242
1.362,0.658306,0.0931941,0.728245
1.363,0.658311,0.0931891,0.728248
1.364,0.658316,0.0931841,0.728251
1.365,0.658321,0.0931791,0.728254
1.366,0.658326,0.0931741,0.728257
1.367,0.658331,0.0931691,0.72826
1.368,0.658336,0.0931641,0.728263
1.369,0.658341,0.0931591,0.728266
1.37,0.658346,0.0931541,0.728269
1.371,0.658351,0.0931491,0.728272
1.372,0.658356,0.0931441,0.728276
1.373,0.658361,0.0931391,0.728279
1.374,0.658366,0.0931341,0.728282
1.375,0.658371,0.0931291,0.728285
1.376,0.658376,0.0931241,0.728288
1.377,0.658381,0.0931192,0.728291
1.378,0.658386,0.0931142,0.728294
1.379,0.658391,0.0931092,0.728297
1.38,0.658396,0.0931042,0.7283
1.381,0.658401,0.0930992,0.728303
1.382,0.658406,0.0930942,0.728306
1.383,0.658411,0.0930892,0.728309
1.384,0.658416,0.0930842,0.728313
1.385,0.658421,0.0930792,0.728316
1.386,0.658426,0.0930742,0.728319
1.387,0.658431,0.0930692,0.728322
1.388,0.658436,0.0930642,0.728325
1.389,0.658441,0.0930592,0.728328
1.39,0.658446,0.0930542,0.728331
1.391,0.658451,0.0930492,0.728334
1.392,0.658456,0.0930442,0.728337
1.393,0.658461,0.0930392,0.72834
1.394,0.658466,0.0930342,0.728343
1.395,0.658471,0.0930292,0.728346
1.396,0.658476,0.0930242,0.72835
1.397,0.658481,0.0930192,0.728353
1.398,0.658486,0.0930142,0.728356
1.399,0.658491,0.0930092,0.728359
1.4,0.658496,0.0930042,0.728362
1.401,0.658501,0.0929992,0.728365
1.402,0.658506,0.0929942,0.728368
1.403,0.658511,0.0929892,0.728371
1.404,0.658516,0.0929842,0.728374
1.405,0.658521,0.0929792,0.728377
1.406,0.658526,0.0929742,0.72838
1.407,0.658531,0.0929693,0.728383
1.408,0.658536,0.0929643,0.728387
1.409,0.658541,0.0929593,0.72839
1.41,0.658546,0.0929543,0.728393
1.411,0.658551,0.0929493,0.728396
1.412,0.658556,0.0929443,0.728399
1.413,0.658561,0.0929393,0.728402
1.414,0.658566,0.0929343,0.728405
1.415,0.658571,0.0929293,0.728408
1.416,0.658576,0.0929243,0.728411
1.417,0.658581,0.0929193,0.728414
1.418,0.658586,0.0929143,0.728417
1.419,0.658591,0.0929093,0.72842
1.42,0.658596,0.0929043,0.728424
1.421,0.658601,0.0928993,0.728427
1.422,0.658606,0.0928943,0.72843
1.423,0.658611,0.0928893,0.728433
1.424,0.658616,0.0928843,0.728436
1.425,0.658621,0.0928793,0.728439
1.426,0.658626,0.0928743,0.728442
1.427,0.658631,0.0928693,0.728445
1.428,0.658636,0.0928643,0.728448
1.429,0.658641,0.0928593,0.728451
1.43,0.658646,0.0928543,0.728454
1.431,0.658651,0.0928493,0.728457
1.432,0.658656,0.0928443,0.728461
1.433,0.658661,0.0928393,0.728464
1.434,0.658666,0.0928343,0.728467
1.435,0.658671,0.0928293,0.72847
1.436,0.658676,0.0928243,0.728473
1.437,0.658681,0.0928193,0.728476
1.438,0.658686,0.0928144,0.728479
1.439,0.658691,0.0928094,0.728482
1.44,0.658696,0.0928044,0.728485
1.441,0.658701,0.0927994,0.728488
1.442,0.658706,0.0927944,0.728491
1.443,0.658711,0.0927894,0.728494
1.444,0.658716,0.0927844,0.728498
1.445,0.658721,0.0927794,0.728501
1.446,0.658726,0.0927744,0.728504
1.447,0.658731,0.0927694,0.728507
1.448,0.658736,0.0927644,0.72851
1.449,0.658741,0.0927594,0.728513
1.45,0.658746,0.0927544,0.728516
1.451,0.658751,0.0927494,0.728519
1.452,0.658756,0.0927444,0.728522
1.453,0.658761,0.0927394,0.728525
1.454,0.658766,0.0927344,0.728528
1.455,0.658771,0.0927294,0.728531
1.456,0.658776,0.0927244,0.728535
1.457,0.658781,0.0927194,0.728538
1.458,0.658786,0.0927144,0.728541
1.459,0.658791,0.0927094,0.728544
1.46,0.658796,0.0927044,0.728547
1.461,0.658801,0.0926994,0.72855
1.462,0.658806,0.0926944,0.728553
1.463,0.658811,0.0926894,0.728556
1.464,0.658816,0.0926844,0.728559
1.465,0.658821,0.0926794,0.728562
1.466,0.658826,0.0926744,0.728565
1.467,0.658831,0.0926694,0.728569
1.468,0.658836,0.0926644,0.728572
1.469,0.658841,0.0926595,0.728575
1.47,0.658846,0.0926545,0.728578
1.471,0.658851,0.0926495,0.728581
1.472,0.658856,0.0926445,0.728584
1.473,0.658861,0.0926395,0.728587
1.474,0.658866,0.0926345,0.72859
1.475,0.658871,0.0926295,0.728593
1.476,0.658876,0.0926245,0.728596
1.477,0.658881,0.0926195,0.728599
1.478,0.658886,0.0926145,0.728602
1.479,0.658891,0.0926095,0.728606
1.48,0.658896,0.0926045,0.728609
1.481,0.658901,0.0925995,0.728612
1.482,0.658906,0.0925945,0.728615
1.483,0.658911,0.0925895,0.728618
1.484,0.658916,0.0925845,0.728621
1.485,0.65892,0.0925795,0.728624
1.486,0.658925,0.0925745,0.728627
1.487,0.65893,0.0925695,0.72863
1.488,0.658935,0.0925645,0.728633
1.489,0.65894,0.0925595,0.728636
1.49,0.658945,0.0925545,0.728639
1.491,0.65895,0.0925495,0.728643
1.492,0.658955,0.0925445,0.728646
1.493,0.65896,0.0925395,0.728649
1.494,0.658965,0.0925345,0.728652
1.495,0.65897,0.0925295,0.728655
1.496,0.658975,0.0925245,0.728658
1.497,0.65898,0.0925195,0.728661
1.498,0.658985,0.0925145,0.728664
1.499,0.65899,0.0925095,0.728667
1.5,0.658995,0.0925046,0.72867
1.501,0.659,0.0924996,0.728673
1.502,0.659005,0.0924946,0.728677
1.503,0.65901,0.0924896,0.72868
1.504,0.659015,0.0924846,0.728683
1.505,0.65902,0.0924796,0.728686
1.506,0.659025,0.0924746,0.728689
1.507,0.65903,0.0924696,0.728692
1.508,0.659035,0.0924646,0.728695
1.509,0.65904,0.0924596,0.728698
1.51,0.659045,0.0924546,0.728701
1.511,0.65905,0.0924496,0.728704
1.512,0.659055,0.0924446,0.728707
1.513,0.65906,0.0924396,0.72871
1.514,0.659065,0.0924346,0.728714
1.515,0.65907,0.0924296,0.728717
1.516,0.659075,0.0924246,0.72872
1.517,0.65908,0.0924196,0.728723
1.518,0.659085,0.0924146,0.728726
1.519,0.65909,0.0924096,0.728729
1.52,0.659095,0.0924046,0.728732
1.521,0.6591,0.0923996,0.728735
1.522,0.659105,0.0923946,0.728738
1.523,0.65911,0.0923896,0.728741
1.524,0.659115,0.0923846,0.728744
1.525,0.65912,0.0923796,0.728748
1.526,0.659125,0.0923746,0.728751
1.527,0.65913,0.0923696,0.728754
1.528,0.659135,0.0923646,0.728757
1.529,0.65914,0.0923596,0.72876
1.53,0.659145,0.0923546,0.728763
1.531,0.65915,0.0923497,0.728766
1.532,0.659155,0.0923447,0.728769
1.533,0.65916,0.0923397,0.728772
1.534,0.659165,0.0923347,0.728775
1.535,0.65917,0.0923297,0.728778
1.536,0.659175,0.0923247,0.728782
1.537,0.65918,0.0923197,0.728785
1.538,0.659185,0.0923147,0.728788
1.539,0.65919,0.0923097,0.728791
1.54,0.659195,0.0923047,0.728794
1.541,0.6592,0.0922997,0.728797
1.542,0.659205,0.0922947,0.7288
1.543,0.65921,0.0922897,0.728803
1.544,0.659215,0.0922847,0.728806
1.545,0.65922,0.0922797,0.728809
1.546,0.659225,0.0922747,0.728812
1.547,0.65923,0.0922697,0.728815
1.548,0.659235,0.0922647,0.728819
1.549,0.65924,0.0922597,0.728822
1.55,0.659245,0.0922547,0.728825
1.551,0.65925,0.0922497,0.728828
1.552,0.659255,0.0922447,0.728831
1.553,0.65926,0.0922397,0.728834
1.554,0.659265,0.0922347,0.728837
1.555,0.65927,0.0922297,0.72884
1.556,0.659275,0.0922247,0.728843
1.557,0.65928,0.0922197,0.728846
1.558,0.659285,0.0922147,0.728849
1.559,0.65929,0.0922097,0.728853
1.56,0.659295,0.0922047,0.728856
1.561,0.6593,0.0921997,0.728859
1.562,0.659305,0.0921948,0.728862
1.563,0.65931,0.0921898,0.728865
1.564,0.659315,0.0921848,0.728868
1.565,0.65932,0.0921798,0.728871
1.566,0.659325,0.0921748,0.728874
1.567,0.65933,0.0921698,0.728877
1.568,0.659335,0.0921648,0.72888
1.569,0.65934,0.0921598,0.728883
1.57,0.659345,0.0921548,0.728887
1.571,0.65935,0.0921498,0.72889
1.572,0.659355,0.0921448,0.728893
1.573,0.65936,0.0921398,0.728896
1.574,0.659365,0.0921348,0.728899
1.575,0.65937,0.0921298,0.728902
1.576,0.659375,0.0921248,0.728905
1.577,0.65938,0.0921198,0.728908
1.578,0.659385,0.0921148,0.728911
1.579,0.65939,0.0921098,0.728914
1.58,0.659395,0.0921048,0.728917
1.581,0.6594,0.0920998,0.728921
1.582,0.659405,0.0920948,0.728924
1.583,0.65941,0.0920898,0.728927
1.584,0.659415,0.0920848,0.72893
1.585,0.65942,0.0920798,0.728933
1.586,0.659425,0.0920748,0.728936
1.587,0.65943,0.0920698,0.728939
1.588,0.659435,0.0920648,0.728942
1.589,0.65944,0.0920598,0.728945
1.59,0.659445,0.0920548,0.728948
1.591,0.65945,0.0920498,0.728951
1.592,0.659455,0.0920448,0.728955
1.593,0.65946,0.0920399,0.728958
1.594,0.659465,0.0920349,0.728961
1.595,0.65947,0.0920299,0.728964
1.596,0.659475,0.0920249,0.728967
1.597,0.65948,0.0920199,0.72897
1.598,0.659485,0.0920149,0.728973
1.599,0.65949,0.0920099,0.728976
1.6,0.659495,0.0920049,0.728979
1.601,0.6595,0.0919999,0.728982
1.602,0.659505,0.0919949,0.728985
1.603,0.65951,0.0919899,0.728989
1.604,0.659515,0.0919849,0.728992
1.605,0.65952,0.0919799,0.728995
1.606,0.659525,0.0919749,0.728998
1.607,0.65953,0.0919699,0.729001
1.608,0.659535,0.0919649,0.729004
1.609,0.65954,0.0919599,0.729007
1.61,0.659545,0.0919549,0.72901
1.611,0.65955,0.0919499,0.729013
1.612,0.659555,0.0919449,0.729016
1.613,0.65956,0.0919399,0.729019
1.614,0.659565,0.0919349,0.729023
1.615,0.65957,0.0919299,0.729026
1.616,0.659575,0.0919249,0.729029
1.617,0.65958,0.0919199,0.729032
1.618,0.659585,0.0919149,0.729035
1.619,0.65959,0.0919099,0.729038
1.62,0.659595,0.0919049,0.729041
1.621,0.6596,0.0918999,0.729044
1.622,0.659605,0.0918949,0.729047
1.623,0.65961,0.0918899,0.72905
1.624,0.659615,0.091885,0.729053
1.625,0.65962,0.09188,0.729057
1.626,0.659625,0.091875,0.72906
1.627,0.65963,0.09187,0.729063
1.628,0.659635,0.091865,0.729066
1.629,0.65964,0.09186,0.729069
1.63,0.659645,0.091855,0.729072
1.631,0.65965,0.09185,0.729075
1.632,0.659655,0.091845,0.729078
1.633,0.65966,0.09184,0.729081
1.634,0.659665,0.091835,0.729084
1.635,0.65967,0.09183,0.729087
1.636,0.659675,0.091825,0.729091
1.637,0.65968,0.09182,0.729094
1.638,0.659685,0.091815,0.729097
1.639,0.65969,0.09181,0.7291
1.64,0.659695,0.091805,0.729103
1.641,0.6597,0.0918,0.729106
1.642,0.659705,0.091795,0.729109
1.643,0.65971,0.09179,0.729112
1.644,0.659715,0.091785,0.729115
1.645,0.65972,0.09178,0.729118
1.646,0.659725,0.091775,0.729122
1.647,0.65973,0.09177,0.729125
1.648,0.659735,0.091765,0.729128
1.649,0.65974,0.09176,0.729131
1.65,0.659745,0.091755,0.729134
1.651,0.65975,0.09175,0.729137
1.652,0.659755,0.091745,0.72914
1.653,0.65976,0.09174,0.729143
1.654,0.659765,0.0917351,0.729146
1.655,0.65977,0.0917301,0.729149
1.656,0.659775,0.0917251,0.729152
1.657,0.65978,0.0917201,0.729156
1.658,0.659785,0.0917151,0.729159
1.659,0.65979,0.0917101,0.729162
1.66,0.659795,0.0917051,0.729165
1.661,0.6598,0.0917001,0.729168
1.662,0.659805,0.0916951,0.729171
1.663,0.65981,0.0916901,0.729174
1.664,0.659815,0.0916851,0.729177
1.665,0.65982,0.0916801,0.72918
1.666,0.659825,0.0916751,0.729183
1.667,0.65983,0.0916701,0.729186
1.668,0.659835,0.0916651,0.72919
1.669,0.65984,0.0916601,0.729193
1.67,0.659845,0.0916551,0.729196
1.671,0.65985,0.0916501,0.729199
1.672,0.659855,0.0916451,0.729202
1.673,0.65986,0.0916401,0.729205
1.674,0.659865,0.0916351,0.729208
1.675,0.65987,0.0916301,0.729211
1.676,0.659875,0.0916251,0.729214
1.677,0.65988,0.0916201,0.729217
1.678,0.659885,0.0916151,0.729221
1.679,0.65989,0.0916101,0.729224
1.68,0.659895,0.0916051,0.729227
1.681,0.6599,0.0916001,0.72923
1.682,0.659905,0.0915951,0.729233
1.683,0.65991,0.0915901,0.729236
1.684,0.659915,0.0915851,0.729239
1.685,0.65992,0.0915802,0.729242
1.686,0.659925,0.0915752,0.729245
1.687,0.65993,0.0915702,0.729248
1.688,0.659935,0.0915652,0.729252
1.689,0.65994,0.0915602,0.729255
1.69,0.659945,0.0915552,0.729258
1.691,0.65995,0.0915502,0.729261
1.692,0.659955,0.0915452,0.729264
1.693,0.65996,0.0915402,0.729267
1.694,0.659965,0.0915352,0.72927
1.695,0.65997,0.0915302,0.729273
1.696,0.659975,0.0915252,0.729276
1.697,0.65998,0.0915202,0.729279
1.698,0.659985,0.0915152,0.729282
1.699,0.65999,0.0915102,0.729286
1.7,0.659995,0.0915052,0.729289
1.701,0.66,0.0915002,0.729292
1.702,0.660005,0.0914952,0.729295
1.703,0.66001,0.0914902,0.729298
1.704,0.660015,0.0914852,0.729301
1.705,0.66002,0.0914802,0.729304
1.706,0.660025,0.0914752,0.729307
1.707,0.66003,0.0914702,0.72931
1.708,0.660035,0.0914652,0.729313
1.709,0.66004,0.0914602,0.729317
1.71,0.660045,0.0914552,0.72932
1.711,0.66005,0.0914502,0.729323
1.712,0.660055,0.0914452,0.729326
1.713,0.66006,0.0914402,0.729329
1.714,0.660065,0.0914352,0.729332
1.715,0.66007,0.0914302,0.729335
1.716,0.660075,0.0914253,0.729338
1.717,0.66008,0.0914203,0.729341
1.718,0.660085,0.0914153,0.729344
1.719,0.66009,0.0914103,0.729348
1.72,0.660095,0.0914053,0.729351
1.721,0.6601,0.0914003,0.729354
1.722,0.660105,0.0913953,0.729357
1.723,0.66011,0.0913903,0.72936
1.724,0.660115,0.0913853,0.729363
1.725,0.66012,0.0913803,0.729366
1.726,0.660125,0.0913753,0.729369
1.727,0.66013,0.0913703,0.729372
1.728,0.660135,0.0913653,0.729375
1.729,0.66014,0.0913603,0.729378
1.73,0.660145,0.0913553,0.729382
1.731,0.66015,0.0913503,0.729385
1.732,0.660155,0.0913453,0.729388
1.733,0.66016,0.0913403,0.729391
1.734,0.660165,0.0913353,0.729394
1.735,0.66017,0.0913303,0.729397
1.736,0.660175,0.0913253,0.7294
1.737,0.66018,0.0913203,0.729403
1.738,0.660185,0.0913153,0.729406
1.739,0.66019,0.0913103,0.729409
1.74,0.660195,0.0913053,0.729413
1.741,0.6602,0.0913003,0.729416
1.742,0.660205,0.0912953,0.729419
1.743,0.66021,0.0912903,0.729422
1.744,0.660215,0.0912853,0.729425
1.745,0.66022,0.0912803,0.729428
1.746,0.660225,0.0912753,0.729431
1.747,0.66023,0.0912704,0.729434
1.748,0.660235,0.0912654,0.729437
1.749,0.66024,0.0912604,0.72944
1.75,0.660245,0.0912554,0.729444
1.751,0.66025,0.0912504,0.729447
1.752,0.660255,0.0912454,0.72945
1.753,0.66026,0.0912404,0.729453
1.754,0.660265,0.0912354,0.729456
1.755,0.66027,0.0912304,0.729459
1.756,0.660275,0.0912254,0.729462
1.757,0.66028,0.0912204,0.729465
1.758,0.660285,0.0912154,0.729468
1.759,0.66029,0.0912104,0.729471
1.76,0.660295,0.0912054,0.729475
1.761,0.6603,0.0912004,0.729478
1.762,0.660305,0.0911954,0.729481
1.763,0.66031,0.0911904,0.729484
1.764,0.660315,0.0911854,0.729487
1.765,0.66032,0.0911804,0.72949
1.766,0.660325,0.0911754,0.729493
1.767,0.66033,0.0911704,0.729496
1.768,0.660335,0.0911654,0.729499
1.769,0.66034,0.0911604,0.729502
1.77,0.660345,0.0911554,0.729506
1.771,0.66035,0.0911504,0.729509
1.772,0.660355,0.0911454,0.729512
1.773,0.66036,0.0911404,0.729515
1.774,0.660365,0.0911354,0.729518
1.775,0.66037,0.0911304,0.729521
1.776,0.660375,0.0911254,0.729524
1.777,0.66038,0.0911204,0.729527
1.778,0.660385,0.0911155,0.72953
1.779,0.66039,0.0911105,0.729533
1.78,0.660395,0.0911055,0.729537
1.781,0.6604,0.0911005,0.72954
1.782,0.660405,0.0910955,0.729543
1.783,0.66041,0.0910905,0.729546
1.784,0.660415,0.0910855,0.729549
1.785,0.66042,0.0910805,0.729552
1.786,0.660425,0.0910755,0.729555
1.787,0.66043,0.0910705,0.729558
1.788,0.660435,0.0910655,0.729561
1.789,0.66044,0.0910605,0.729565
1.79,0.660445,0.0910555,0.729568
1.791,0.66045,0.0910505,0.729571
1.792,0.660455,0.0910455,0.729574
1.793,0.660459,0.0910405,0.729577
1.794,0.660464,0.0910355,0.72958
1.795,0.660469,0.0910305,0.729583
1.796,0.660474,0.0910255,0.729586
1.797,0.660479,0.0910205,0.729589
1.798,0.660484,0.0910155,0.729592
1.799,0.660489,0.0910105,0.729596
1.8,0.660494,0.0910055,0.729599
1.801,0.660499,0.0910005,0.729602
1.802,0.660504,0.0909955,0.729605
1.803,0.660509,0.0909905,0.729608
1.804,0.660514,0.0909855,0.729611
1.805,0.660519,0.0909805,0.729614
1.806,0.660524,0.0909755,0.729617
1.807,0.660529,0.0909705,0.72962
1.808,0.660534,0.0909655,0.729623
1.809,0.660539,0.0909606,0.729627
1.81,0.660544,0.0909556,0.72963
1.811,0.660549,0.0909506,0.729633
1.812,0.660554,0.0909456,0.729636
1.813,0.660559,0.0909406,0.729639
1.814,0.660564,0.0909356,0.729642
1.815,0.660569,0.0909306,0.729645
1.816,0.660574,0.0909256,0.729648
1.817,0.660579,0.0909206,0.729651
1.818,0.660584,0.0909156,0.729655
1.819,0.660589,0.0909106,0.729658
1.82,0.660594,0.0909056,0.729661
1.821,0.660599,0.0909006,0.729664
1.822,0.660604,0.0908956,0.729667
1.823,0.660609,0.0908906,0.72967
1.824,0.660614,0.0908856,0.729673
1.825,0.660619,0.0908806,0.729676
1.826,0.660624,0.0908756,0.729679
1.827,0.660629,0.0908706,0.729682
1.828,0.660634,0.0908656,0.729686
1.829,0.660639,0.0908606,0.729689
1.83,0.660644,0.0908556,0.729692
1.831,0.660649,0.0908506,0.729695
1.832,0.660654,0.0908456,0.729698
1.833,0.660659,0.0908406,0.729701
1.834,0.660664,0.0908356,0.729704
1.835,0.660669,0.0908306,0.729707
1.836,0.660674,0.0908256,0.72971
1.837,0.660679,0.0908206,0.729714
1.838,0.660684,0.0908156,0.729717
1.839,0.660689,0.0908107,0.72972
1.84,0.660694,0.0908057,0.729723
1.841,0.660699,0.0908007,0.729726
1.842,0.660704,0.0907957,0.729729
1.843,0.660709,0.0907907,0.729732
1.844,0.660714,0.0907857,0.729735
1.845,0.660719,0.0907807,0.729738
1.846,0.660724,0.0907757,0.729741
1.847,0.660729,0.0907707,0.729745
1.848,0.660734,0.0907657,0.729748
1.849,0.660739,0.0907607,0.729751
1.85,0.660744,0.0907557,0.729754
1.851,0.660749,0.0907507,0.729757
1.852,0.660754,0.0907457,0.72976
1.853,0.660759,0.0907407,0.729763
1.854,0.660764,0.0907357,0.729766
1.855,0.660769,0.0907307,0.729769
1.856,0.660774,0.0907257,0.729773
1.857,0.660779,0.0907207,0.729776
1.858,0.660784,0.0907157,0.729779
1.859,0.660789,0.0907107,0.729782
1.86,0.660794,0.0907057,0.729785
1.861,0.660799,0.0907007,0.729788
1.862,0.660804,0.0906957,0.729791
1.863,0.660809,0.0906907,0.729794
1.864,0.660814,0.0906857,0.729797
1.865,0.660819,0.0906807,0.7298
1.866,0.660824,0.0906757,0.729804
1.867,0.660829,0.0906707,0.729807
1.868,0.660834,0.0906657,0.72981
1.869,0.660839,0.0906607,0.729813
1.87,0.660844,0.0906558,0.729816
1.871,0.660849,0.0906508,0.729819
1.872,0.660854,0.0906458,0.729822
1.873,0.660859,0.0906408,0.729825
1.874,0.660864,0.0906358,0.729828
1.875,0.660869,0.0906308,0.729832
1.876,0.660874,0.0906258,0.729835
1.877,0.660879,0.0906208,0.729838
1.878,0.660884,0.0906158,0.729841
1.879,0.660889,0.0906108,0.729844
1.88,0.660894,0.0906058,0.729847
1.881,0.660899,0.0906008,0.72985
1.882,0.660904,0.0905958,0.729853
1.883,0.660909,0.0905908,0.729856
1.884,0.660914,0.0905858,0.72986
1.885,0.660919,0.0905808,0.729863
1.886,0.660924,0.0905758,0.729866
1.887,0.660929,0.0905708,0.729869
1.888,0.660934,0.0905658,0.729872
1.889,0.660939,0.0905608,0.729875
1.89,0.660944,0.0905558,0.729878
1.891,0.660949,0.0905508,0.729881
1.892,0.660954,0.0905458,0.729884
1.893,0.660959,0.0905408,0.729888
1.894,0.660964,0.0905358,0.729891
1.895,0.660969,0.0905308,0.729894
1.896,0.660974,0.0905258,0.729897
1.897,0.660979,0.0905208,0.7299
1.898,0.660984,0.0905158,0.729903
1.899,0.660989,0.0905108,0.729906
1.9,0.660994,0.0905058,0.729909
1.901,0.660999,0.0905009,0.729912
1.902,0.661004,0.0904959,0.729916
1.903,0.661009,0.0904909,0.729919
1.904,0.661014,0.0904859,0.729922
1.905,0.661019,0.0904809,0.729925
1.906,0.661024,0.0904759,0.729928
1.907,0.661029,0.0904709,0.729931
1.908,0.661034,0.0904659,0.729934
1.909,0.661039,0.0904609,0.729937
1.91,0.661044,0.0904559,0.72994
1.911,0.661049,0.0904509,0.729944
1.912,0.661054,0.0904459,0.729947
1.913,0.661059,0.0904409,0.72995
1.914,0.661064,0.0904359,0.729953
1.915,0.661069,0.0904309,0.729956
1.916,0.661074,0.0904259,0.729959
1.917,0.661079,0.0904209,0.729962
1.918,0.661084,0.0904159,0.729965
1.919,0.661089,0.0904109,0.729968
1.92,0.661094,0.0904059,0.729972
1.921,0.661099,0.0904009,0.729975
1.922,0.661104,0.0903959,0.729978
1.923,0.661109,0.0903909,0.729981
1.924,0.661114,0.0903859,0.729984
1.925,0.661119,0.0903809,0.729987
1.926,0.661124,0.0903759,0.72999
1.927,0.661129,0.0903709,0.729993
1.928,0.661134,0.0903659,0.729996
1.929,0.661139,0.0903609,0.73
1.93,0.661144,0.0903559,0.730003
1.931,0.661149,0.0903509,0.730006
1.932,0.661154,0.090346,0.730009
1.933,0.661159,0.090341,0.730012
1.934,0.661164,0.090336,0.730015
1.935,0.661169,0.090331,0.730018
1.936,0.661174,0.090326,0.730021
1.937,0.661179,0.090321,0.730024
1.938,0.661184,0.090316,0.730028
1.939,0.661189,0.090311,0.730031
1.94,0.661194,0.090306,0.730034
1.941,0.661199,0.090301,0.730037
1.942,0.661204,0.090296,0.73004
1.943,0.661209,0.090291,0.730043
1.944,0.661214,0.090286,0.730046
1.945,0.661219,0.090281,0.730049
1.946,0.661224,0.090276,0.730052
1.947,0.661229,0.090271,0.730056
1.948,0.661234,0.090266,0.730059
1.949,0.661239,0.090261,0.730062
1.95,0.661244,0.090256,0.730065
1.951,0.661249,0.090251,0.730068
1.952,0.661254,0.090246,0.730071
1.953,0.661259,0.090241,0.730074
1.954,0.661264,0.090236,0.730077
1.955,0.661269,0.090231,0.73008
1.956,0.661274,0.090226,0.730084
1.957,0.661279,0.090221,0.730087
1.958,0.661284,0.090216,0.73009
1.959,0.661289,0.090211,0.730093
1.96,0.661294,0.090206,0.730096
1.961,0.661299,0.090201,0.730099
1.962,0.661304,0.090196,0.730102
1.963,0.661309,0.0901911,0.730105
1.964,0.661314,0.0901861,0.730108
1.965,0.661319,0.0901811,0.730112
1.966,0.661324,0.0901761,0.730115
1.967,0.661329,0.0901711,0.730118
1.968,0.661334,0.0901661,0.730121
1.969,0.661339,0.0901611,0.730124
1.97,0.661344,0.0901561,0.730127
1.971,0.661349,0.0901511,0.73013
1.972,0.661354,0.0901461,0.730133
1.973,0.661359,0.0901411,0.730137
1.974,0.661364,0.0901361,0.73014
1.975,0.661369,0.0901311,0.730143
1.976,0.661374,0.0901261,0.730146
1.977,0.661379,0.0901211,0.730149
1.978,0.661384,0.0901161,0.730152
1.979,0.661389,0.0901111,0.730155
1.98,0.661394,0.0901061,0.730158
1.981,0.661399,0.0901011,0.730161
1.982,0.661404,0.0900961,0.730165
1.983,0.661409,0.0900911,0.730168
1.984,0.661414,0.0900861,0.730171
1.985,0.661419,0.0900811,0.730174
1.986,0.661424,0.0900761,0.730177
1.987,0.661429,0.0900711,0.73018
1.988,0.661434,0.0900661,0.730183
1.989,0.661439,0.0900611,0.730186
1.99,0.661444,0.0900561,0.730189
1.991,0.661449,0.0900511,0.730193
1.992,0.661454,0.0900461,0.730196
1.993,0.661459,0.0900412,0.730199
1.994,0.661464,0.0900362,0.730202
1.995,0.661469,0.0900312,0.730205
1.996,0.661474,0.0900262,0.730208
1.997,0.661479,0.0900212,0.730211
1.998,0.661484,0.0900162,0.730214
1.999,0.661489,0.0900112,0.730218
